seed,allocation,speed,health,hunting,elements,farming,gathering,years,peak_population,final_population,tech_tier,end_state,dominant_temperament,buildings,wars,food,wood,stone,knowledge,wealth,influence,unrest,produced_food,consumed_food,spoiled_food,produced_wood,consumed_wood,births,deaths,combat_deaths,raids,trades,elections,coups,rivals_alive,trait_points_spent,techs_chosen
1000,naive-even,5,5,5,5,4,4,89,3343,3284,6,ASCENSION,PRAGMATIC,283,34,396769,319681,329440,6,75074,39746,0.000,52118830,27613764,24110166,353036,33355,3932,703,162,28,1529,23,0,3,18,6
1000,farmer,3,4,3,4,8,3,95,2436,2436,6,ASCENSION,PASSIVE,180,44,312904,352046,320149,2,87684,29913,0.000,65703106,28525595,36866477,376441,24395,3036,655,80,13,2156,24,0,3,16,6
1000,farm+elements,3,4,3,6,6,3,114,3949,3949,6,ASCENSION,PRAGMATIC,200,53,506377,400795,392632,8,73445,57347,0.000,64898081,34876120,29517454,427265,26470,5323,1429,394,26,1820,29,0,3,18,6
1000,hardy,3,8,3,5,4,3,1,56,0,0,COLLAPSE,PASSIVE,0,0,0,485,0,7,60,57,0.007,22792,24662,0,535,50,2,57,0,0,21,1,0,4,8,0
1000,swift,8,4,3,3,5,3,6,89,0,0,COLLAPSE,PRAGMATIC,25,0,0,557,1099,29,32,270,0.021,158460,159038,1292,1962,1405,39,94,0,0,159,2,0,3,8,0
1000,hunter,5,4,8,3,3,3,0,55,0,0,COLLAPSE,NONE,0,0,0,411,116,6,35,36,0.000,16313,18183,0,411,0,0,55,0,0,4,0,0,4,8,0
1000,warlike,4,3,7,3,6,3,87,2257,2257,6,ASCENSION,AMBITIOUS,207,3,264233,269307,223858,8,15323,32770,0.000,40926631,21939291,18724977,300467,31160,2685,483,31,9,2646,22,0,3,16,6
1000,scholar-ish,7,5,3,3,5,3,108,4030,4030,6,ASCENSION,PASSIVE,187,41,544919,688061,540902,7,27449,39582,0.000,84226123,40595865,43087208,708111,20050,4917,942,256,14,2450,27,0,3,18,6
1000,weathered,3,4,3,8,5,3,2,66,0,0,COLLAPSE,ZEALOT,9,0,0,291,192,21,84,108,0.020,53862,55732,0,761,470,13,68,0,1,63,1,0,4,8,0
1000,bad,8,3,3,3,1,3,0,55,0,0,COLLAPSE,NONE,0,0,0,231,0,2,6,20,0.000,7519,9389,0,231,0,0,55,0,0,4,0,0,4,3,0
1000,pure-speed,8,4,3,3,4,3,9,126,0,0,CONQUEST,AMBITIOUS,32,1,0,537,1499,266,0,403,0.020,254234,254988,1116,2642,2105,75,130,2,5,250,3,0,3,7,0
1000,pure-health,3,8,3,4,4,3,1,57,0,0,COLLAPSE,PASSIVE,0,0,0,515,0,6,36,53,0.014,20658,22528,0,560,45,4,59,0,0,12,1,0,4,7,0
1000,pure-hunting,3,4,8,3,4,3,1,55,0,0,COLLAPSE,ZEALOT,0,0,0,367,42,5,16,40,0.009,18392,20262,0,427,60,1,56,0,0,9,1,0,4,7,0
1000,pure-elements,3,4,3,8,4,3,1,55,0,0,COLLAPSE,AMBITIOUS,0,0,0,407,0,4,19,43,0.016,18343,20213,0,432,25,1,56,0,0,9,1,0,4,7,0
1000,pure-farming,3,4,3,4,8,3,95,2436,2436,6,ASCENSION,PASSIVE,180,44,312904,352046,320149,2,87684,29913,0.000,65703106,28525595,36866477,376441,24395,3036,655,80,13,2156,24,0,3,16,6
1000,pure-gathering,3,4,3,3,4,8,0,55,0,0,COLLAPSE,NONE,0,0,0,596,0,3,11,33,0.000,14159,16029,0,596,0,0,55,0,0,4,0,0,4,7,0
1000,farm+gathering,3,4,3,3,6,6,84,2317,2317,6,ASCENSION,AMBITIOUS,235,38,261168,320024,278684,4,92850,33315,0.000,40864992,22139025,18466668,348499,28475,2833,571,220,32,1711,21,0,3,15,6
1000,solo-speed,8,4,4,4,4,4,8,112,0,0,COLLAPSE,PASSIVE,44,0,0,831,1509,191,0,343,0.011,202140,201874,2135,2556,1725,60,115,0,1,268,2,0,4,10,0
1000,solo-health,4,8,4,4,4,4,1,59,0,0,COLLAPSE,ZEALOT,1,0,0,512,147,10,0,64,0.022,26454,28324,0,697,185,4,59,0,0,22,1,0,4,10,0
1000,solo-hunting,4,4,8,4,4,4,1,55,0,0,COLLAPSE,ZEALOT,2,0,0,359,239,7,137,61,0.012,28629,30499,0,529,170,3,58,0,0,23,1,0,4,10,0
1000,solo-elements,4,4,4,8,4,4,1,56,0,0,COLLAPSE,PASSIVE,1,0,0,498,0,7,12,52,0.030,22857,24727,0,523,25,2,57,0,0,19,1,0,4,10,0
1000,solo-farming,4,4,4,4,8,4,95,3907,3906,6,ASCENSION,AMBITIOUS,200,1,668209,624650,533401,8,10253,21353,0.000,102029009,42137057,59225612,649160,24510,4595,744,0,4,2544,24,0,3,19,6
1000,solo-gathering,4,4,4,4,4,8,1,55,0,0,COLLAPSE,PRAGMATIC,0,0,0,601,0,5,32,39,0.005,17866,19736,0,641,40,0,55,0,0,6,1,0,4,10,0
1000,duo-speed+health,8,8,3,3,3,3,1,55,0,0,COLLAPSE,PASSIVE,0,0,0,627,0,9,43,38,0.000,14877,16747,0,677,50,0,55,0,0,10,1,0,4,10,0
1000,duo-speed+hunting,8,3,8,3,3,3,83,1896,1896,6,ASCENSION,PRAGMATIC,296,28,223737,249730,243684,3,22969,18235,0.000,29608861,16725356,12661637,271990,22260,2183,342,28,11,1565,21,0,3,18,6
1000,duo-speed+elements,8,3,3,8,3,3,42,55,0,0,COLLAPSE,PASSIVE,0,8,64,3,7,8,163,1613,0.000,117158,106119,12844,598,595,2,57,0,4,1138,11,0,3,14,0
1000,duo-speed+farming,8,3,3,3,8,3,92,2871,2871,6,ASCENSION,PRAGMATIC,237,37,453712,448514,415176,0,73646,61980,0.000,75675823,30951842,44272138,484449,35935,3505,689,5,19,1831,23,0,3,19,6
1000,duo-speed+gathering,8,3,3,3,3,8,0,55,0,0,COLLAPSE,NONE,0,0,0,919,0,6,8,34,0.000,15431,17301,0,919,0,0,55,0,0,9,0,0,4,10,0
1000,duo-health+hunting,3,8,8,3,3,3,1,55,0,0,COLLAPSE,AMBITIOUS,0,0,0,402,2,6,5,49,0.004,14313,16183,0,427,25,2,57,0,0,13,1,0,4,10,0
1000,duo-health+elements,3,8,3,8,3,3,0,56,0,0,COLLAPSE,NONE,0,0,0,336,0,4,19,35,0.000,12285,14155,0,336,0,1,56,0,0,4,0,0,4,10,0
1000,duo-health+farming,3,8,3,3,8,3,90,3346,3346,6,ASCENSION,PASSIVE,204,4,486546,410136,399183,10,50972,48423,0.000,67099066,27454773,39159616,435966,25830,3927,636,13,2,2799,23,0,3,19,6
1000,duo-health+gathering,3,8,3,3,3,8,0,55,0,0,COLLAPSE,NONE,0,0,0,521,0,4,16,31,0.000,11205,13075,0,521,0,0,55,0,0,4,0,0,4,10,0
1000,duo-hunting+elements,3,3,8,8,3,3,0,55,0,0,COLLAPSE,NONE,0,0,0,349,0,3,13,36,0.000,15049,16919,0,349,0,1,56,0,0,4,0,0,4,10,0
1000,duo-hunting+farming,3,3,8,3,8,3,106,3261,3261,6,ASCENSION,ZEALOT,193,5,524894,512492,500501,1,81879,30982,0.000,100518701,42525715,57469961,536687,24195,4313,1107,273,21,2795,27,0,3,20,6
1000,duo-hunting+gathering,3,3,8,3,3,8,0,55,0,0,COLLAPSE,NONE,0,0,0,535,0,3,8,31,0.000,13756,15626,0,535,0,0,55,0,0,5,0,0,4,10,0
1000,duo-elements+farming,3,3,3,8,8,3,94,3340,3340,6,ASCENSION,PRAGMATIC,311,21,533105,375504,314433,1,94931,46121,0.000,75440183,33684627,41224320,410524,35020,3718,433,24,18,1978,24,0,2,19,6
1000,duo-elements+gathering,3,3,3,8,3,8,0,55,0,0,COLLAPSE,NONE,0,0,0,365,0,2,5,23,0.000,9139,11009,0,365,0,0,55,0,0,2,0,0,4,10,0
1000,duo-farming+gathering,3,3,3,3,8,8,84,1991,1991,6,ASCENSION,PASSIVE,198,5,258388,355645,366704,5,35158,34260,0.000,43248933,21307513,21684902,381955,26310,2384,448,1,7,2194,21,0,3,18,6
8919,naive-even,5,5,5,5,4,4,1,60,0,0,COLLAPSE,ZEALOT,0,0,0,0,828,8,202,59,0.009,26715,28585,0,0,0,6,61,0,0,2,1,0,3,10,0
8919,farmer,3,4,3,4,8,3,46,89,0,0,COLLAPSE,ZEALOT,0,0,327,0,4141,51,7523,1774,0.745,436041,361520,76062,0,0,55,110,0,2,369,12,0,2,11,0
8919,farm+elements,3,4,3,6,6,3,122,2865,2865,6,ASCENSION,PRAGMATIC,199,1,364985,426024,459720,16,187167,42296,0.000,68988886,31828935,36796835,444274,18250,3417,607,4,5,1628,31,0,2,19,6
8919,hardy,3,8,3,5,4,3,1,55,0,0,COLLAPSE,PASSIVE,0,0,0,0,535,6,36,47,0.012,18349,20219,0,0,0,2,57,0,0,0,1,0,4,8,0
8919,swift,8,4,3,3,5,3,7,75,0,0,COLLAPSE,PRAGMATIC,2,0,0,10,2719,24,1036,270,0.026,157505,155632,3742,55,45,29,84,0,0,65,2,0,2,8,0
8919,hunter,5,4,8,3,3,3,0,55,0,0,COLLAPSE,NONE,0,0,0,0,380,4,29,36,0.000,14726,16596,0,0,0,2,57,0,0,0,0,0,4,8,0
8919,warlike,4,3,7,3,6,3,102,1586,1585,6,ASCENSION,PRAGMATIC,235,0,304989,248635,211082,1,30094,19524,0.000,42250295,20240777,21706399,264965,16330,1920,390,0,0,1517,26,0,2,18,6
8919,scholar-ish,7,5,3,3,5,3,3,66,0,0,COLLAPSE,AMBITIOUS,0,0,0,11,1637,16,35,117,0.033,58877,60719,27,11,0,13,68,0,0,25,1,0,2,8,0
8919,weathered,3,4,3,8,5,3,6,60,0,0,COLLAPSE,PASSIVE,0,0,0,0,933,8,863,231,0.127,55995,57865,0,0,0,7,62,0,0,29,2,0,2,8,0
8919,bad,8,3,3,3,1,3,0,55,0,0,COLLAPSE,NONE,0,0,0,0,137,2,6,17,0.000,5894,7764,0,0,0,0,55,0,0,0,0,0,4,3,0
8919,pure-speed,8,4,3,3,4,3,1,57,0,0,COLLAPSE,PASSIVE,0,0,0,0,760,9,65,64,0.020,30496,32366,0,0,0,3,58,0,0,2,1,0,3,7,0
8919,pure-health,3,8,3,4,4,3,1,56,0,0,COLLAPSE,AMBITIOUS,0,0,0,0,497,5,33,39,0.005,14995,16865,0,0,0,1,56,0,0,0,1,0,4,7,0
8919,pure-hunting,3,4,8,3,4,3,0,55,0,0,COLLAPSE,NONE,0,0,0,0,478,4,25,36,0.000,15926,17796,0,0,0,0,55,0,0,0,0,0,4,7,0
8919,pure-elements,3,4,3,8,4,3,1,55,0,0,COLLAPSE,PASSIVE,0,0,0,0,463,4,13,39,0.004,16522,18392,0,0,0,0,55,0,0,0,1,0,4,7,0
8919,pure-farming,3,4,3,4,8,3,46,89,0,0,COLLAPSE,ZEALOT,0,0,327,0,4141,51,7523,1774,0.745,436041,361520,76062,0,0,55,110,0,2,369,12,0,2,11,0
8919,pure-gathering,3,4,3,3,4,8,0,55,0,0,COLLAPSE,NONE,0,0,0,0,625,3,8,32,0.000,13302,15172,0,0,0,0,55,0,0,0,0,0,4,7,0
8919,farm+gathering,3,4,3,3,6,6,118,2048,2048,6,ASCENSION,PRAGMATIC,214,2,374150,335683,327374,11,80202,56744,0.000,54087298,25232509,28482508,350983,15300,2579,586,1,6,1577,30,0,2,18,6
8919,solo-speed,8,4,4,4,4,4,5,67,0,0,COLLAPSE,PASSIVE,2,0,0,5,2082,17,1151,195,0.012,107039,108909,0,50,45,17,72,0,2,42,2,0,2,10,0
8919,solo-health,4,8,4,4,4,4,1,58,0,0,COLLAPSE,ZEALOT,0,0,0,0,656,7,115,53,0.008,21262,23132,0,0,0,4,59,0,0,0,1,0,3,10,0
8919,solo-hunting,4,4,8,4,4,4,1,55,0,0,COLLAPSE,AMBITIOUS,0,0,0,0,544,6,42,55,0.019,26267,28137,0,0,0,0,55,0,0,0,1,0,3,10,0
8919,solo-elements,4,4,4,8,4,4,1,55,0,0,COLLAPSE,AMBITIOUS,0,0,0,0,521,5,32,50,0.005,22468,24338,0,0,0,0,55,0,0,0,1,0,4,10,0
8919,solo-farming,4,4,4,4,8,4,113,2715,2715,6,ASCENSION,PASSIVE,227,6,508481,535016,403823,1,19213,37377,0.000,82816095,33132518,49176964,556131,21115,3309,649,1,6,1454,29,0,2,21,6
8919,solo-gathering,4,4,4,4,4,8,0,55,0,0,COLLAPSE,NONE,0,0,0,0,650,4,25,36,0.000,16619,18489,0,0,0,0,55,0,0,0,0,0,4,10,0
8919,duo-speed+health,8,8,3,3,3,3,1,56,0,0,COLLAPSE,ZEALOT,0,0,0,0,761,8,57,38,0.000,14499,16369,0,0,0,1,56,0,0,0,1,0,4,10,0
8919,duo-speed+hunting,8,3,8,3,3,3,1,57,0,0,COLLAPSE,NONE,0,0,0,0,541,8,55,39,0.000,17997,19867,0,0,0,2,57,0,0,0,0,0,4,10,0
8919,duo-speed+elements,8,3,3,8,3,3,1,55,0,0,COLLAPSE,NONE,0,0,0,0,499,6,40,39,0.000,16675,18545,0,0,0,1,56,0,0,0,0,0,4,10,0
8919,duo-speed+farming,8,3,3,3,8,3,120,2804,2804,6,ASCENSION,AMBITIOUS,201,3,469642,483016,460427,4,330049,48183,0.000,95642043,37226470,57947800,500666,17650,3526,777,12,6,2028,30,0,2,22,6
8919,duo-speed+gathering,8,3,3,3,3,8,0,55,0,0,COLLAPSE,NONE,0,0,0,0,736,5,33,33,0.000,14639,16509,0,0,0,0,55,0,0,0,0,0,4,10,0
8919,duo-health+hunting,3,8,8,3,3,3,0,56,0,0,COLLAPSE,NONE,0,0,0,0,404,4,26,34,0.000,12370,14240,0,0,0,1,56,0,0,0,0,0,4,10,0
8919,duo-health+elements,3,8,3,8,3,3,0,55,0,0,COLLAPSE,NONE,0,0,0,0,324,3,17,30,0.000,10344,12214,0,0,0,0,55,0,0,0,0,0,4,10,0
8919,duo-health+farming,3,8,3,3,8,3,97,2831,2831,6,ASCENSION,ZEALOT,306,0,436048,367495,332267,2,105103,40532,0.000,66323013,26648673,39240162,394695,27200,3320,544,0,0,1599,25,0,2,19,6
8919,duo-health+gathering,3,8,3,3,3,8,0,55,0,0,COLLAPSE,NONE,0,0,0,0,497,3,13,28,0.000,9562,11432,0,0,0,0,55,0,0,0,0,0,4,10,0
8919,duo-hunting+elements,3,3,8,8,3,3,0,55,0,0,COLLAPSE,NONE,0,0,0,0,329,3,8,30,0.000,12432,14302,0,0,0,0,55,0,0,0,0,0,4,10,0
8919,duo-hunting+farming,3,3,8,3,8,3,126,3011,3011,6,ASCENSION,ZEALOT,172,0,454471,543156,419504,12,228605,30512,0.000,91344333,37819961,53071770,554846,11690,3677,721,0,0,1929,32,0,2,22,6
8919,duo-hunting+gathering,3,3,8,3,3,8,0,55,0,0,COLLAPSE,NONE,0,0,0,0,467,2,6,25,0.000,10618,12488,0,0,0,0,55,0,0,0,0,0,4,10,0
8919,duo-elements+farming,3,3,3,8,8,3,122,3102,3102,6,ASCENSION,ZEALOT,191,25,560550,331153,309216,8,104498,47416,0.000,64835015,29341804,34934531,347343,16190,3626,579,4,6,1135,31,0,2,22,6
8919,duo-elements+gathering,3,3,3,8,3,8,0,55,0,0,COLLAPSE,NONE,0,0,0,0,356,1,5,20,0.000,7798,9668,0,0,0,0,55,0,0,0,0,0,4,10,0
8919,duo-farming+gathering,3,3,3,3,8,8,123,2765,2764,6,ASCENSION,AMBITIOUS,162,0,400679,611644,573703,6,177588,37434,0.000,80359781,32838987,47121984,623099,11455,3436,727,0,0,1849,31,0,2,22,6
16838,naive-even,5,5,5,5,4,4,8,107,0,0,CONQUEST,PASSIVE,6,0,0,114,1265,27,0,329,0.016,192382,194252,0,1824,1710,57,112,0,1,26,2,0,0,10,0
16838,farmer,3,4,3,4,8,3,107,2631,2631,6,ASCENSION,PRAGMATIC,557,0,394369,308936,298655,1,987190,135698,0.000,49018204,17010077,31615626,389726,80790,3259,683,0,5,34,27,0,0,17,6
16838,farm+elements,3,4,3,6,6,3,102,2436,2436,6,ASCENSION,PRAGMATIC,512,1,304666,280465,287759,5,944834,118272,0.000,32674691,15226075,17145819,353740,73275,2929,548,0,3,35,26,0,0,17,6
16838,hardy,3,8,3,5,4,3,38,56,0,0,COLLAPSE,AMBITIOUS,0,0,306,4,0,5,1788,1465,0.570,44745,39019,7290,599,595,1,56,0,0,91,10,1,1,11,0
16838,swift,8,4,3,3,5,3,2,61,0,0,COLLAPSE,AMBITIOUS,11,0,0,225,899,14,591,114,0.030,58479,59750,599,675,450,10,65,0,5,32,1,0,1,8,0
16838,hunter,5,4,8,3,3,3,0,55,0,0,COLLAPSE,NONE,0,0,0,528,21,5,8,37,0.000,16968,18838,0,528,0,1,56,0,0,8,0,0,4,8,0
16838,warlike,4,3,7,3,6,3,95,2958,2958,6,ASCENSION,PASSIVE,587,1,428161,326593,339775,14,1584767,124015,0.000,53966653,18633983,34906378,407318,80725,3567,664,0,3,64,24,0,0,17,6
16838,scholar-ish,7,5,3,3,5,3,2,65,0,0,CONQUEST,AMBITIOUS,12,1,0,278,749,13,149,114,0.017,56962,58751,80,733,455,13,68,0,2,30,1,0,3,8,0
16838,weathered,3,4,3,8,5,3,2,68,0,0,COLLAPSE,AMBITIOUS,7,0,0,560,20,6,4,106,0.011,54088,55958,0,825,265,13,68,0,2,32,1,0,3,8,0
16838,bad,8,3,3,3,1,3,0,55,0,0,COLLAPSE,NONE,0,0,0,162,0,2,9,18,0.000,6744,8614,0,162,0,0,55,0,0,0,0,0,4,3,0
16838,pure-speed,8,4,3,3,4,3,6,96,0,0,COLLAPSE,AMBITIOUS,40,0,0,646,543,178,0,280,0.021,163865,164831,903,2046,1400,42,97,0,0,28,2,0,1,7,0
16838,pure-health,3,8,3,4,4,3,1,56,0,0,COLLAPSE,ZEALOT,0,0,0,498,0,5,4,40,0.002,15832,17702,0,548,50,1,56,0,0,4,1,0,3,7,0
16838,pure-hunting,3,4,8,3,4,3,0,55,0,0,COLLAPSE,NONE,0,0,0,497,0,4,36,37,0.000,16996,18866,0,497,0,0,55,0,0,3,0,0,4,7,0
16838,pure-elements,3,4,3,8,4,3,1,55,0,0,COLLAPSE,PRAGMATIC,0,0,0,438,0,4,22,41,0.013,17714,19584,0,483,45,0,55,0,0,3,1,0,3,7,0
16838,pure-farming,3,4,3,4,8,3,107,2631,2631,6,ASCENSION,PRAGMATIC,557,0,394369,308936,298655,1,987190,135698,0.000,49018204,17010077,31615626,389726,80790,3259,683,0,5,34,27,0,0,17,6
16838,pure-gathering,3,4,3,3,4,8,0,55,0,0,COLLAPSE,NONE,0,0,0,656,0,3,13,32,0.000,14116,15986,0,656,0,0,55,0,0,3,0,0,4,7,0
16838,farm+gathering,3,4,3,3,6,6,110,3653,3653,6,ASCENSION,AMBITIOUS,622,0,486683,557920,521820,10,1961785,194148,0.000,65552367,22831653,42235900,650420,92500,4472,874,0,0,190,28,1,0,18,6
16838,solo-speed,8,4,4,4,4,4,6,70,0,0,COLLAPSE,PASSIVE,3,1,0,199,536,25,51,257,0.013,102096,103909,57,1559,1360,21,76,0,3,24,2,0,1,10,0
16838,solo-health,4,8,4,4,4,4,17,163,0,1,COLLAPSE,ZEALOT,13,0,0,24,4554,534,0,771,0.019,468335,450115,20090,3189,3165,118,173,0,1,43,5,0,1,11,1
16838,solo-hunting,4,4,8,4,4,4,1,57,0,0,COLLAPSE,AMBITIOUS,2,0,0,691,0,6,4,61,0.009,29706,31576,0,766,75,3,58,0,0,18,1,0,3,10,0
16838,solo-elements,4,4,4,8,4,4,1,57,0,0,COLLAPSE,PASSIVE,0,0,0,729,0,6,60,50,0.023,22211,24081,0,774,45,3,58,0,0,5,1,0,3,10,0
16838,solo-farming,4,4,4,4,8,4,95,3360,3360,6,ASCENSION,PASSIVE,555,1,554339,413377,395291,1,1831018,105786,0.000,69509940,19184993,49772477,495102,81725,3928,623,0,6,27,24,0,0,19,6
16838,solo-gathering,4,4,4,4,4,8,0,56,0,0,COLLAPSE,NONE,0,0,0,984,0,4,24,37,0.000,17044,18914,0,984,0,1,56,0,0,5,0,0,4,10,0
16838,duo-speed+health,8,8,3,3,3,3,1,55,0,0,COLLAPSE,ZEALOT,0,0,0,478,316,8,29,41,0.014,16215,18085,0,528,50,1,56,0,0,4,1,0,4,10,0
16838,duo-speed+hunting,8,3,8,3,3,3,10,118,0,0,COLLAPSE,ZEALOT,45,0,0,1097,305,107,0,407,0.010,261106,262975,0,3287,2190,65,120,0,4,24,3,0,0,11,0
16838,duo-speed+elements,8,3,3,8,3,3,1,55,0,0,COLLAPSE,PRAGMATIC,0,0,0,451,0,6,11,43,0.002,18547,20417,0,496,45,1,56,0,0,4,1,0,4,10,0
16838,duo-speed+farming,8,3,3,3,8,3,89,2180,2180,6,ASCENSION,AMBITIOUS,516,7,384793,276638,276441,0,825140,96106,0.000,53036257,18642365,34010969,349888,73250,2654,529,0,4,270,23,0,1,18,6
16838,duo-speed+gathering,8,3,3,3,3,8,0,55,0,0,COLLAPSE,NONE,0,0,0,843,0,5,5,33,0.000,15456,17326,0,843,0,0,55,0,0,3,0,0,4,10,0
16838,duo-health+hunting,3,8,8,3,3,3,0,55,0,0,COLLAPSE,NONE,0,0,0,445,0,4,4,34,0.000,12512,14382,0,445,0,1,56,0,0,4,0,0,4,10,0
16838,duo-health+elements,3,8,3,8,3,3,0,55,0,0,COLLAPSE,NONE,0,0,0,369,0,3,22,33,0.000,11013,12883,0,369,0,1,56,0,0,3,0,0,4,10,0
16838,duo-health+farming,3,8,3,3,8,3,96,4684,4684,6,ASCENSION,ZEALOT,651,1,724869,515074,528142,2,2226282,162198,0.000,81947178,23245521,57978657,592724,77650,5457,828,0,2,23,24,0,0,19,6
16838,duo-health+gathering,3,8,3,3,3,8,0,55,0,0,COLLAPSE,NONE,0,0,0,551,0,2,17,28,0.000,9750,11620,0,551,0,0,55,0,0,0,0,0,4,10,0
16838,duo-hunting+elements,3,3,8,8,3,3,0,55,0,0,COLLAPSE,NONE,0,0,0,348,0,3,13,32,0.000,13626,15496,0,348,0,0,55,0,0,3,0,0,4,10,0
16838,duo-hunting+farming,3,3,8,3,8,3,91,2081,2081,6,ASCENSION,PRAGMATIC,515,14,317689,217501,208090,12,552485,99518,0.000,39509802,15138429,24055553,284011,66510,2568,542,0,1,161,23,0,1,19,6
16838,duo-hunting+gathering,3,3,8,3,3,8,0,55,0,0,COLLAPSE,NONE,0,0,0,536,0,2,10,29,0.000,12786,14656,0,536,0,0,55,0,0,3,0,0,4,10,0
16838,duo-elements+farming,3,3,3,8,8,3,96,2996,2996,6,ASCENSION,PASSIVE,544,19,542199,318231,319670,1,1558630,151505,0.000,61457896,18451764,42465801,393911,75680,3456,515,4,5,119,24,0,1,19,6
16838,duo-elements+gathering,3,3,3,8,3,8,0,55,0,0,COLLAPSE,NONE,0,0,0,380,0,2,6,22,0.000,8806,10676,0,380,0,0,55,0,0,0,0,0,4,10,0
16838,duo-farming+gathering,3,3,3,3,8,8,86,2758,2757,6,ASCENSION,AMBITIOUS,486,0,408092,504745,393937,8,1440773,71270,0.000,51004947,17330196,33268528,575415,70670,3289,587,0,1,60,22,0,0,18,6
24757,naive-even,5,5,5,5,4,4,1,57,0,0,COLLAPSE,AMBITIOUS,1,0,0,82,389,11,17,58,0.019,26440,28310,0,232,150,2,57,0,0,24,1,0,4,10,0
24757,farmer,3,4,3,4,8,3,122,4344,4344,6,ASCENSION,ZEALOT,266,152,666915,490804,463756,10,164337,89907,0.000,106698670,47988810,58044814,523819,33015,5637,1348,1129,28,2828,31,0,4,19,6
24757,farm+elements,3,4,3,6,6,3,121,6346,6346,6,ASCENSION,AMBITIOUS,234,183,958636,614631,643391,0,367476,68466,0.000,110754688,50126216,59671705,648646,34015,8529,2238,1452,27,1828,31,0,4,19,6
24757,hardy,3,8,3,5,4,3,1,55,0,0,COLLAPSE,PRAGMATIC,0,0,0,27,155,6,33,50,0.013,19441,21311,0,102,75,0,55,0,0,11,1,0,4,8,0
24757,swift,8,4,3,3,5,3,122,2296,2296,6,ASCENSION,AMBITIOUS,201,144,243007,293693,258419,2,2537764,92767,0.000,37124414,20268353,16614923,321923,28230,3410,1169,637,36,2735,31,0,4,20,6
24757,hunter,5,4,8,3,3,3,0,55,0,0,COLLAPSE,NONE,0,0,0,0,163,4,9,33,0.000,14758,16628,0,0,0,0,55,0,0,8,0,0,4,8,0
24757,warlike,4,3,7,3,6,3,121,3557,3556,6,ASCENSION,PRAGMATIC,192,135,374806,388039,366847,10,2278903,34749,0.000,59293265,27946369,30973960,411039,23000,5018,1517,1010,43,3398,31,0,4,20,6
24757,scholar-ish,7,5,3,3,5,3,3,62,0,0,COLLAPSE,PASSIVE,14,0,0,66,598,19,59,118,0.020,58932,60694,108,601,535,9,64,0,0,90,1,0,4,8,0
24757,weathered,3,4,3,8,5,3,2,65,0,0,COLLAPSE,ZEALOT,7,1,0,1,365,28,0,111,0.019,53856,55726,0,381,380,11,66,0,4,46,1,0,4,8,0
24757,bad,8,3,3,3,1,3,0,55,0,0,COLLAPSE,NONE,0,0,0,0,103,2,5,16,0.000,5636,7506,0,0,0,0,55,0,0,0,0,0,4,3,0
24757,pure-speed,8,4,3,3,4,3,28,107,0,0,CONQUEST,ZEALOT,0,6,604,3,713,214,735,1161,0.577,251134,244472,7927,2973,2970,62,117,0,7,452,7,0,4,9,0
24757,pure-health,3,8,3,4,4,3,1,55,0,0,COLLAPSE,PRAGMATIC,0,0,0,37,175,6,10,41,0.017,15477,17347,0,92,55,1,56,0,0,7,1,0,4,7,0
24757,pure-hunting,3,4,8,3,4,3,0,55,0,0,COLLAPSE,NONE,0,0,0,253,98,4,2,36,0.000,15794,17664,0,253,0,0,55,0,0,8,0,0,4,7,0
24757,pure-elements,3,4,3,8,4,3,1,55,0,0,COLLAPSE,AMBITIOUS,0,0,0,182,81,4,1,39,0.006,16684,18554,0,247,65,0,55,0,0,12,1,0,4,7,0
24757,pure-farming,3,4,3,4,8,3,122,4344,4344,6,ASCENSION,ZEALOT,266,152,666915,490804,463756,10,164337,89907,0.000,106698670,47988810,58044814,523819,33015,5637,1348,1129,28,2828,31,0,4,19,6
24757,pure-gathering,3,4,3,3,4,8,0,55,0,0,COLLAPSE,NONE,0,0,0,335,184,3,4,32,0.000,13458,15328,0,335,0,0,55,0,0,8,0,0,4,7,0
24757,farm+gathering,3,4,3,3,6,6,103,1963,1963,6,ASCENSION,PASSIVE,205,49,160463,271781,246272,3,5406564,49471,0.000,35680714,19250818,16271301,300036,28255,3042,1134,463,28,3337,26,0,4,17,6
24757,solo-speed,8,4,4,4,4,4,9,122,0,0,CONQUEST,AMBITIOUS,40,2,0,110,1487,79,0,410,0.017,251253,252544,579,2200,2090,72,127,5,2,363,3,0,4,10,0
24757,solo-health,4,8,4,4,4,4,1,64,0,0,COLLAPSE,AMBITIOUS,1,0,0,89,362,8,85,57,0.010,23389,25259,0,244,155,9,64,0,0,26,1,0,4,10,0
24757,solo-hunting,4,4,8,4,4,4,16,59,0,0,COLLAPSE,AMBITIOUS,0,0,0,11,181,6,101,647,0.030,64853,63238,3485,11,0,10,65,0,0,669,4,0,4,11,0
24757,solo-elements,4,4,4,8,4,4,1,55,0,0,COLLAPSE,PRAGMATIC,0,0,0,0,147,5,33,51,0.005,22564,24434,0,0,0,1,56,0,0,12,1,0,4,10,0
24757,solo-farming,4,4,4,4,8,4,96,3029,3028,6,ASCENSION,PASSIVE,286,101,358204,260387,271442,3,1042200,80877,0.000,62237893,23622968,38258590,300572,40185,3697,724,80,53,2129,24,0,4,19,6
24757,solo-gathering,4,4,4,4,4,8,0,55,0,0,COLLAPSE,NONE,0,0,0,0,156,5,8,36,0.000,16241,18111,0,0,0,0,55,0,0,7,0,0,4,10,0
24757,duo-speed+health,8,8,3,3,3,3,28,55,0,0,CONQUEST,AMBITIOUS,0,7,162,5,496,9,1407,1088,0.627,45603,44933,2376,330,325,1,56,11,10,757,7,1,4,12,0
24757,duo-speed+hunting,8,3,8,3,3,3,1,56,0,0,COLLAPSE,AMBITIOUS,0,0,0,101,485,8,23,38,0.000,18321,20191,0,146,45,1,56,0,0,11,1,0,4,10,0
24757,duo-speed+elements,8,3,3,8,3,3,1,57,0,0,COLLAPSE,AMBITIOUS,0,0,0,2,398,6,8,70,0.129,17973,19843,0,62,60,3,58,0,0,34,1,0,4,10,0
24757,duo-speed+farming,8,3,3,3,8,3,105,2387,2387,6,ASCENSION,ZEALOT,211,88,476509,273746,274876,0,758940,45171,0.000,50897962,20084597,30338726,304951,31205,3135,803,129,33,3093,27,0,4,20,6
24757,duo-speed+gathering,8,3,3,3,3,8,0,55,0,0,COLLAPSE,NONE,0,0,0,0,603,5,5,32,0.000,14674,16544,0,0,0,0,55,0,0,10,0,0,4,10,0
24757,duo-health+hunting,3,8,8,3,3,3,0,55,0,0,COLLAPSE,NONE,0,0,0,76,135,4,3,34,0.000,12111,13981,0,76,0,0,55,0,0,5,0,0,4,10,0
24757,duo-health+elements,3,8,3,8,3,3,0,55,0,0,COLLAPSE,NONE,0,0,0,55,137,4,8,33,0.000,11437,13307,0,55,0,0,55,0,0,8,0,0,4,10,0
24757,duo-health+farming,3,8,3,3,8,3,114,5413,5413,6,ASCENSION,PRAGMATIC,373,139,802592,411162,422690,7,2142786,86195,0.000,85546922,36572876,48173322,453827,42665,6932,1574,696,56,1912,29,0,4,21,6
24757,duo-health+gathering,3,8,3,3,3,8,0,55,0,0,COLLAPSE,NONE,0,0,0,79,200,3,8,31,0.000,9813,11683,0,79,0,0,55,0,0,8,0,0,4,10,0
24757,duo-hunting+elements,3,3,8,8,3,3,0,55,0,0,COLLAPSE,NONE,0,0,0,161,86,3,8,29,0.000,11803,13673,0,161,0,0,55,0,0,3,0,0,4,10,0
24757,duo-hunting+farming,3,3,8,3,8,3,110,3109,3109,6,ASCENSION,PASSIVE,241,129,369578,453841,345695,4,778808,70946,0.000,87348264,35158066,51822488,490831,36990,3945,891,527,21,2373,28,0,4,21,6
24757,duo-hunting+gathering,3,3,8,3,3,8,0,55,0,0,COLLAPSE,NONE,0,0,0,232,111,2,6,25,0.000,10160,12030,0,232,0,0,55,0,0,4,0,0,4,10,0
24757,duo-elements+farming,3,3,3,8,8,3,129,5234,5234,6,ASCENSION,PRAGMATIC,227,175,764046,595523,534971,15,5327481,72539,0.000,93169135,38702026,53704932,622208,26685,6648,1469,1029,53,2099,33,0,4,22,6
24757,duo-elements+gathering,3,3,3,8,3,8,0,55,0,0,COLLAPSE,NONE,0,0,0,182,98,2,5,21,0.000,8084,9954,0,182,0,0,55,0,0,4,0,0,4,10,0
24757,duo-farming+gathering,3,3,3,3,8,8,107,2993,2993,6,ASCENSION,ZEALOT,403,144,339884,440474,439205,0,2082120,78334,0.000,56337696,23655266,32344416,484439,43965,4056,1118,622,35,1565,27,0,4,20,6
32676,naive-even,5,5,5,5,4,4,89,2340,2340,6,ASCENSION,ZEALOT,298,31,309276,354115,384419,1,77348,43637,0.000,43348292,23551139,19489746,392625,38510,2744,459,182,4,1967,23,0,3,18,6
32676,farmer,3,4,3,4,8,3,101,2306,2306,6,ASCENSION,PRAGMATIC,266,45,363273,300403,293089,6,15236,89692,0.000,58781930,27686992,30733535,338518,38115,2992,741,444,23,1850,26,0,3,17,6
32676,farm+elements,3,4,3,6,6,3,93,3863,3863,6,ASCENSION,PRAGMATIC,355,2,556849,499761,507024,1,24343,86239,0.000,88106529,40782988,46768561,545436,45675,4440,632,43,4,2904,24,0,3,16,6
32676,hardy,3,8,3,5,4,3,1,60,0,0,COLLAPSE,AMBITIOUS,0,0,0,23,268,6,62,57,0.019,22630,24500,0,128,105,6,61,0,0,10,1,0,3,8,0
32676,swift,8,4,3,3,5,3,101,3042,3042,6,ASCENSION,ZEALOT,296,1,398496,475438,473704,1,43244,66114,0.000,59945759,34336378,25212754,511783,36345,3689,702,17,1,3217,26,0,3,18,6
32676,hunter,5,4,8,3,3,3,1,56,0,0,COLLAPSE,PASSIVE,0,0,0,358,201,6,1,43,0.023,19505,21375,0,408,50,2,57,0,0,10,1,0,4,8,0
32676,warlike,4,3,7,3,6,3,96,2142,2142,6,ASCENSION,ZEALOT,288,33,319084,366049,376266,1,106116,46143,0.000,60599703,27588810,32693679,401304,35255,2611,524,95,7,2107,24,0,3,17,6
32676,scholar-ish,7,5,3,3,5,3,88,1859,1858,6,ASCENSION,ZEALOT,317,45,285122,292217,311098,1,55604,60424,0.000,42588213,18143519,24161441,337477,45260,2300,497,150,7,1180,22,0,3,16,6
32676,weathered,3,4,3,8,5,3,3,74,0,0,COLLAPSE,PRAGMATIC,2,0,0,147,320,10,0,122,0.020,60996,62866,0,652,505,19,74,0,0,27,1,0,3,8,0
32676,bad,8,3,3,3,1,3,0,55,0,0,COLLAPSE,NONE,0,0,0,165,0,2,9,18,0.000,6740,8610,0,165,0,0,55,0,0,0,0,0,4,3,0
32676,pure-speed,8,4,3,3,4,3,37,61,0,0,CONQUEST,PASSIVE,0,4,199,1,201,8,837,1441,0.000,112207,96285,17593,401,400,7,62,1,4,723,10,0,3,10,0
32676,pure-health,3,8,3,4,4,3,1,61,0,0,COLLAPSE,PRAGMATIC,1,0,0,368,0,6,52,55,0.008,22490,24360,0,413,45,6,61,0,0,10,1,0,3,7,0
32676,pure-hunting,3,4,8,3,4,3,1,57,0,0,COLLAPSE,ZEALOT,0,0,0,190,211,5,29,62,0.019,29957,31827,0,335,145,3,58,0,0,14,1,0,3,7,0
32676,pure-elements,3,4,3,8,4,3,1,56,0,0,COLLAPSE,ZEALOT,0,0,0,199,158,4,12,45,0.013,19944,21814,0,249,50,1,56,0,0,8,1,0,4,7,0
32676,pure-farming,3,4,3,4,8,3,101,2306,2306,6,ASCENSION,PRAGMATIC,266,45,363273,300403,293089,6,15236,89692,0.000,58781930,27686992,30733535,338518,38115,2992,741,444,23,1850,26,0,3,17,6
32676,pure-gathering,3,4,3,3,4,8,0,55,0,0,COLLAPSE,NONE,0,0,0,268,265,3,0,34,0.000,14860,16730,0,268,0,0,55,0,0,4,0,0,4,7,0
32676,farm+gathering,3,4,3,3,6,6,92,2326,2326,6,ASCENSION,PASSIVE,353,2,288610,367386,386157,1,89360,62935,0.000,61954784,28666536,33001508,411826,44440,2956,685,111,2,2196,23,0,3,16,6
32676,solo-speed,8,4,4,4,4,4,13,144,0,0,COLLAPSE,ZEALOT,49,1,0,1082,1528,277,0,577,0.016,384706,383035,3540,4107,3025,93,148,0,5,177,4,0,2,11,0
32676,solo-health,4,8,4,4,4,4,10,128,0,0,CONQUEST,PRAGMATIC,27,1,0,1329,696,29,260,404,0.022,224467,226337,0,3404,2075,81,136,3,2,77,3,0,2,11,0
32676,solo-hunting,4,4,8,4,4,4,104,2781,2781,6,ASCENSION,PRAGMATIC,314,75,309768,278159,271019,0,4943150,68685,0.000,37285580,19517367,17460313,317809,39650,3373,647,43,25,1348,26,0,3,20,6
32676,solo-elements,4,4,4,8,4,4,100,3824,3824,6,ASCENSION,PASSIVE,405,71,473910,412967,368247,1,111288,92412,0.000,45074732,28532016,16070675,455717,42750,4599,830,235,19,1257,25,0,3,20,6
32676,solo-farming,4,4,4,4,8,4,112,5002,5002,6,ASCENSION,PASSIVE,340,66,757902,466773,514963,1,90633,73664,0.000,94249503,38342407,55151062,506693,39920,6084,1137,60,11,1549,28,0,3,21,6
32676,solo-gathering,4,4,4,4,4,8,1,55,0,0,COLLAPSE,PASSIVE,0,0,0,563,0,5,26,41,0.008,19163,21033,0,608,45,1,56,0,0,9,1,0,4,10,0
32676,duo-speed+health,8,8,3,3,3,3,1,57,0,0,COLLAPSE,AMBITIOUS,0,0,0,394,0,9,43,42,0.016,17000,18870,0,419,25,2,57,0,0,8,1,0,4,10,0
32676,duo-speed+hunting,8,3,8,3,3,3,112,3676,3676,6,ASCENSION,AMBITIOUS,262,34,500946,490734,464412,4,44368,55373,0.000,62895495,35663341,26733077,526489,35755,4423,802,54,8,2933,28,0,3,21,6
32676,duo-speed+elements,8,3,3,8,3,3,1,57,0,0,COLLAPSE,PASSIVE,0,0,0,351,175,6,40,41,0.010,18605,20475,0,411,60,2,57,0,0,8,1,0,4,10,0
32676,duo-speed+farming,8,3,3,3,8,3,130,2902,2902,6,ASCENSION,PRAGMATIC,248,105,837739,328291,462785,13,803399,62867,0.000,67152242,25035887,41280485,359216,30925,4047,1200,305,33,1357,33,0,3,23,6
32676,duo-speed+gathering,8,3,3,3,3,8,0,56,0,0,COLLAPSE,NONE,0,0,0,689,0,5,29,36,0.000,15584,17454,0,689,0,1,56,0,0,4,0,0,4,10,0
32676,duo-health+hunting,3,8,8,3,3,3,1,57,0,0,COLLAPSE,ZEALOT,0,0,0,307,0,5,24,39,0.008,15421,17291,0,352,45,2,57,0,0,8,1,0,4,10,0
32676,duo-health+elements,3,8,3,8,3,3,0,55,0,0,COLLAPSE,NONE,0,0,0,276,0,4,31,36,0.000,12789,14659,0,276,0,0,55,0,0,3,0,0,4,10,0
32676,duo-health+farming,3,8,3,3,8,3,80,2368,2368,6,ASCENSION,PASSIVE,428,1,333923,235020,253696,2,63995,74661,0.000,53054394,20307316,32415025,291630,56610,2753,440,0,1,1223,20,0,2,18,6
32676,duo-health+gathering,3,8,3,3,3,8,0,55,0,0,COLLAPSE,NONE,0,0,0,386,0,3,25,31,0.000,11173,13043,0,386,0,0,55,0,0,3,0,0,4,10,0
32676,duo-hunting+elements,3,3,8,8,3,3,1,55,0,0,COLLAPSE,NONE,0,0,0,184,149,3,3,39,0.000,16530,18400,0,184,0,1,56,0,0,8,0,0,4,10,0
32676,duo-hunting+farming,3,3,8,3,8,3,126,4138,4138,6,ASCENSION,PASSIVE,288,71,495172,486271,455922,15,10811504,87742,0.000,89626034,33396689,55736042,518651,32380,5992,1909,819,22,2182,32,0,3,22,6
32676,duo-hunting+gathering,3,3,8,3,3,8,0,55,0,0,COLLAPSE,NONE,0,0,0,213,254,3,18,32,0.000,14493,16363,0,213,0,0,55,0,0,3,0,0,4,10,0
32676,duo-elements+farming,3,3,3,8,8,3,95,3589,3589,6,ASCENSION,PASSIVE,462,31,618915,411033,376506,2,2519496,110479,0.000,79951834,33013314,46321474,474283,63250,4064,530,175,8,974,24,0,2,19,6
32676,duo-elements+gathering,3,3,3,8,3,8,0,55,0,0,COLLAPSE,NONE,0,0,0,119,189,2,9,25,0.000,10118,11988,0,119,0,0,55,0,0,0,0,0,4,10,0
32676,duo-farming+gathering,3,3,3,3,8,8,108,3450,3447,6,ASCENSION,ZEALOT,317,78,363075,490828,485748,2,1722333,101931,0.000,55971150,26382054,29227889,531968,41140,4638,1246,327,12,1254,27,0,3,20,6
40595,naive-even,5,5,5,5,4,4,197,109,0,0,CONQUEST,ZEALOT,9,2,918,2686,20062,234,77335,7701,0.323,1998496,907930,1091517,9031,6345,85,140,0,2,548,50,0,1,29,0
40595,farmer,3,4,3,4,8,3,114,3483,3483,6,ASCENSION,ZEALOT,341,4,490614,491847,483210,0,38881,122864,0.000,76365954,38496982,37380227,532922,41075,4283,855,54,9,1514,29,0,2,18,6
40595,farm+elements,3,4,3,6,6,3,94,3074,3074,6,ASCENSION,ZEALOT,358,11,439533,379747,350529,11,144452,73333,0.000,64173543,29278192,34457688,429092,49345,3581,562,34,7,1365,24,0,2,16,6
40595,hardy,3,8,3,5,4,3,1,60,0,0,COLLAPSE,PASSIVE,1,0,0,424,142,6,22,58,0.022,22733,24603,0,579,155,7,62,0,0,13,1,0,4,8,0
40595,swift,8,4,3,3,5,3,92,2016,2016,6,ASCENSION,PASSIVE,363,7,224166,317910,288861,4,85445,86998,0.000,33852662,18217559,15412807,366940,49030,2446,485,76,7,1035,23,0,2,17,6
40595,hunter,5,4,8,3,3,3,0,56,0,0,COLLAPSE,NONE,0,0,0,533,0,4,13,36,0.000,16092,17962,0,533,0,2,57,0,0,8,0,0,4,8,0
40595,warlike,4,3,7,3,6,3,96,2229,2229,6,ASCENSION,AMBITIOUS,514,0,348678,255148,259233,3,28064,118437,0.000,47312800,20846124,26119867,329198,74050,2697,523,0,0,499,24,0,1,17,6
40595,scholar-ish,7,5,3,3,5,3,91,1366,1366,6,ASCENSION,AMBITIOUS,348,8,168868,207419,208312,6,14901,116488,0.000,25007884,14152576,10688308,252534,45115,1723,412,17,21,940,23,0,2,17,6
40595,weathered,3,4,3,8,5,3,3,69,0,0,COLLAPSE,PASSIVE,2,0,0,295,476,6,0,123,0.018,60377,62247,0,795,500,16,71,0,0,11,1,0,2,8,0
40595,bad,8,3,3,3,1,3,0,55,0,0,COLLAPSE,NONE,0,0,0,253,0,2,9,19,0.000,7095,8965,0,253,0,0,55,0,0,0,0,0,4,3,0
40595,pure-speed,8,4,3,3,4,3,106,2094,2094,6,ASCENSION,AMBITIOUS,313,13,190607,307998,394343,7,96079,94769,0.000,33254287,20987075,12078475,353428,45430,2608,569,0,2,1539,27,0,2,17,6
40595,pure-health,3,8,3,4,4,3,1,59,0,0,COLLAPSE,ZEALOT,1,0,0,605,0,5,63,53,0.008,21439,23309,0,655,50,5,60,0,0,11,1,0,4,7,0
40595,pure-hunting,3,4,8,3,4,3,1,60,0,0,COLLAPSE,PRAGMATIC,1,0,0,318,142,5,21,59,0.017,28894,30764,0,488,170,5,60,0,0,18,1,0,4,7,0
40595,pure-elements,3,4,3,8,4,3,1,55,0,0,COLLAPSE,PASSIVE,0,0,0,398,119,4,44,47,0.012,20199,22069,0,448,50,3,58,0,0,8,1,0,4,7,0
40595,pure-farming,3,4,3,4,8,3,114,3483,3483,6,ASCENSION,ZEALOT,341,4,490614,491847,483210,0,38881,122864,0.000,76365954,38496982,37380227,532922,41075,4283,855,54,9,1514,29,0,2,18,6
40595,pure-gathering,3,4,3,3,4,8,0,56,0,0,COLLAPSE,NONE,0,0,0,622,133,3,1,35,0.000,15264,17134,0,622,0,2,57,0,0,8,0,0,4,7,0
40595,farm+gathering,3,4,3,3,6,6,108,2741,2741,6,ASCENSION,AMBITIOUS,511,1,322266,427436,411142,9,179514,151164,0.000,61425072,25670833,35433842,489551,62115,3382,696,1,7,482,27,0,1,17,6
40595,solo-speed,8,4,4,4,4,4,99,2010,2010,6,ASCENSION,PASSIVE,369,6,335135,348073,365829,6,150567,65007,0.000,43533794,21763293,21437235,397773,49700,2370,415,19,4,1307,25,0,2,19,6
40595,solo-health,4,8,4,4,4,4,5,80,0,0,COLLAPSE,PASSIVE,6,0,0,361,930,72,0,197,0.014,90512,92382,0,1306,945,30,85,0,1,24,2,0,2,10,0
40595,solo-hunting,4,4,8,4,4,4,95,2786,2786,6,ASCENSION,PASSIVE,552,1,406889,360469,365333,3,31909,145180,0.000,42133218,22919294,18808904,436094,75625,3257,526,0,2,1148,24,0,2,19,6
40595,solo-elements,4,4,4,8,4,4,22,57,0,0,COLLAPSE,ZEALOT,1,0,396,13,9,9,652,866,0.207,50323,44878,6918,818,805,3,58,0,0,142,6,0,2,12,0
40595,solo-farming,4,4,4,4,8,4,75,1598,1597,6,ASCENSION,PASSIVE,514,0,249470,173603,153398,2,59018,56770,0.000,39621940,14686943,24687395,238788,65185,1843,301,0,0,1128,19,0,1,17,6
40595,solo-gathering,4,4,4,4,4,8,1,55,0,0,COLLAPSE,ZEALOT,1,0,0,971,164,7,23,49,0.044,23395,25265,0,1076,105,1,56,0,0,9,1,0,4,10,0
40595,duo-speed+health,8,8,3,3,3,3,81,2037,2037,6,ASCENSION,PRAGMATIC,433,6,232939,257742,251457,3,45012,70539,0.000,29544642,15133843,14179729,315227,57485,2373,391,122,9,1975,21,0,3,18,6
40595,duo-speed+hunting,8,3,8,3,3,3,102,2291,2291,6,ASCENSION,PASSIVE,387,18,287402,395854,407929,0,69161,79290,0.000,48194739,23698340,24210866,441274,45420,2781,545,0,19,997,26,0,2,20,6
40595,duo-speed+elements,8,3,3,8,3,3,91,2659,2659,6,ASCENSION,AMBITIOUS,396,23,309367,247460,255603,3,68690,95292,0.000,32000196,19982383,11710315,305820,58360,2975,371,37,9,855,23,0,2,19,6
40595,duo-speed+farming,8,3,3,3,8,3,86,1663,1663,6,ASCENSION,PRAGMATIC,489,0,267518,229188,215891,4,76369,75211,0.000,43492583,16282643,26944291,301908,72720,1961,353,0,4,471,22,0,1,18,6
40595,duo-speed+gathering,8,3,3,3,3,8,0,55,0,0,COLLAPSE,NONE,0,0,0,1011,179,6,13,35,0.000,16311,18181,0,1011,0,0,55,0,0,4,0,0,4,10,0
40595,duo-health+hunting,3,8,8,3,3,3,1,57,0,0,COLLAPSE,PRAGMATIC,0,0,0,507,0,5,19,38,0.000,14692,16562,0,557,50,2,57,0,0,8,1,0,4,10,0
40595,duo-health+elements,3,8,3,8,3,3,0,56,0,0,COLLAPSE,NONE,0,0,0,494,0,4,6,37,0.000,12983,14853,0,494,0,1,56,0,0,8,0,0,4,10,0
40595,duo-health+farming,3,8,3,3,8,3,96,3980,3980,6,ASCENSION,AMBITIOUS,435,13,602681,451832,444653,4,591995,135953,0.000,89946487,36522803,52822872,498907,47075,4725,800,14,6,1530,24,0,2,19,6
40595,duo-health+gathering,3,8,3,3,3,8,0,55,0,0,COLLAPSE,NONE,0,0,0,703,0,3,4,32,0.000,11169,13039,0,703,0,0,55,0,0,7,0,0,4,10,0
40595,duo-hunting+elements,3,3,8,8,3,3,1,57,0,0,COLLAPSE,PASSIVE,0,0,0,314,67,3,4,40,0.005,16913,18783,0,374,60,3,58,0,0,7,1,0,4,10,0
40595,duo-hunting+farming,3,3,8,3,8,3,89,1968,1968,6,ASCENSION,PASSIVE,373,2,337917,215357,231720,0,103000,63803,0.000,54241389,21537093,32368247,266852,51495,2434,521,101,15,1162,23,1,2,18,6
40595,duo-hunting+gathering,3,3,8,3,3,8,0,55,0,0,COLLAPSE,NONE,0,0,0,589,0,3,11,32,0.000,14215,16085,0,589,0,1,56,0,0,7,0,0,4,10,0
40595,duo-elements+farming,3,3,3,8,8,3,93,3160,3160,6,ASCENSION,AMBITIOUS,399,5,582371,359318,396462,0,93683,80720,0.000,80481817,31053379,48847936,414213,54895,3549,444,41,8,1274,24,0,2,19,6
40595,duo-elements+gathering,3,3,3,8,3,8,0,55,0,0,COLLAPSE,NONE,0,0,0,438,27,2,10,26,0.000,10381,12251,0,438,0,0,55,0,0,3,0,0,4,10,0
40595,duo-farming+gathering,3,3,3,3,8,8,96,2314,2314,6,ASCENSION,AMBITIOUS,524,1,409538,498091,472230,4,56564,112446,0.000,63633951,23654980,39571303,564026,65935,2820,561,0,1,950,24,0,2,19,6
48514,naive-even,5,5,5,5,4,4,1,56,0,0,COLLAPSE,ZEALOT,1,0,0,162,568,8,43,55,0.019,24704,26574,0,282,120,2,57,0,0,14,1,0,4,10,0
48514,farmer,3,4,3,4,8,3,96,2493,2492,6,ASCENSION,ZEALOT,524,16,375226,298080,325137,6,90489,148780,0.000,68430162,25506251,42550554,367860,69780,3127,690,2,20,1447,24,0,1,16,6
48514,farm+elements,3,4,3,6,6,3,95,2220,2220,6,ASCENSION,ZEALOT,430,58,307281,281685,267990,0,21691,112217,0.000,41298728,22681221,18312095,341355,59670,2834,669,609,29,960,24,0,3,16,6
48514,hardy,3,8,3,5,4,3,1,55,0,0,COLLAPSE,AMBITIOUS,0,0,0,126,331,5,31,56,0.008,17646,19516,0,236,110,4,59,0,0,12,1,0,4,8,0
48514,swift,8,4,3,3,5,3,3,67,0,0,CONQUEST,PASSIVE,15,2,0,221,814,18,342,122,0.014,62794,64451,213,756,535,15,70,0,3,27,1,0,3,8,0
48514,hunter,5,4,8,3,3,3,0,55,0,0,COLLAPSE,NONE,0,0,0,416,0,3,24,33,0.000,14528,16398,0,416,0,0,55,0,0,3,0,0,4,8,0
48514,warlike,4,3,7,3,6,3,94,2098,2098,6,ASCENSION,PRAGMATIC,570,31,332259,288315,314219,5,890937,99318,0.000,44398046,14879852,29187804,359320,71005,2553,510,11,20,448,24,0,2,17,6
48514,scholar-ish,7,5,3,3,5,3,6,91,0,0,COLLAPSE,PASSIVE,30,2,0,632,1592,17,285,274,0.016,158824,156066,4627,1997,1365,42,97,0,4,89,2,0,3,8,0
48514,weathered,3,4,3,8,5,3,2,68,0,0,CONQUEST,AMBITIOUS,4,0,0,483,61,12,47,100,0.027,49723,51593,0,783,300,14,69,0,2,33,1,0,4,8,0
48514,bad,8,3,3,3,1,3,0,55,0,0,COLLAPSE,NONE,0,0,0,187,0,1,5,16,0.000,5617,7487,0,187,0,0,55,0,0,0,0,0,4,3,0
48514,pure-speed,8,4,3,3,4,3,1,58,0,0,COLLAPSE,AMBITIOUS,1,0,0,227,452,10,53,61,0.023,29302,31172,0,407,180,6,61,0,0,21,1,0,4,7,0
48514,pure-health,3,8,3,4,4,3,1,55,0,0,COLLAPSE,PASSIVE,0,0,0,147,275,4,31,38,0.004,14283,16153,0,212,65,0,55,0,0,4,1,0,4,7,0
48514,pure-hunting,3,4,8,3,4,3,0,56,0,0,COLLAPSE,NONE,0,0,0,439,0,3,26,36,0.000,16343,18213,0,439,0,1,56,0,0,0,0,0,4,7,0
48514,pure-elements,3,4,3,8,4,3,1,58,0,0,COLLAPSE,ZEALOT,0,0,0,404,0,3,15,41,0.015,17112,18982,0,424,20,3,58,0,0,4,1,0,4,7,0
48514,pure-farming,3,4,3,4,8,3,96,2493,2492,6,ASCENSION,ZEALOT,524,16,375226,298080,325137,6,90489,148780,0.000,68430162,25506251,42550554,367860,69780,3127,690,2,20,1447,24,0,1,16,6
48514,pure-gathering,3,4,3,3,4,8,0,55,0,0,COLLAPSE,NONE,0,0,0,571,0,2,9,33,0.000,13523,15393,0,571,0,1,56,0,0,3,0,0,4,7,0
48514,farm+gathering,3,4,3,3,6,6,97,2727,2727,6,ASCENSION,ZEALOT,633,18,372305,377077,385426,14,257131,114631,0.000,50941626,22497663,28073528,460932,83855,3259,587,3,10,676,25,2,1,16,6
48514,solo-speed,8,4,4,4,4,4,98,2126,2126,6,ASCENSION,ZEALOT,568,2,323527,338038,310427,12,83438,148452,0.000,40355924,19314448,20719818,412598,74560,2541,470,0,6,498,25,0,1,19,6
48514,solo-health,4,8,4,4,4,4,1,55,0,0,COLLAPSE,PRAGMATIC,0,0,0,125,518,6,1,58,0.011,23032,24902,0,290,165,2,57,0,3,23,1,0,4,10,0
48514,solo-hunting,4,4,8,4,4,4,1,58,0,0,COLLAPSE,PASSIVE,1,0,0,115,452,4,66,51,0.009,24215,26085,0,225,110,4,59,0,0,7,1,0,4,10,0
48514,solo-elements,4,4,4,8,4,4,1,55,0,0,COLLAPSE,ZEALOT,0,0,0,161,406,4,26,47,0.013,20044,21914,0,221,60,3,58,0,0,4,1,0,4,10,0
48514,solo-farming,4,4,4,4,8,4,95,3112,3112,6,ASCENSION,PASSIVE,626,2,530022,412976,408325,0,1433136,110840,0.000,79723282,28547252,50647877,487876,74900,3619,562,0,15,678,24,0,1,19,6
48514,solo-gathering,4,4,4,4,4,8,0,55,0,0,COLLAPSE,NONE,0,0,0,289,530,4,22,37,0.000,16070,17940,0,289,0,2,57,0,0,3,0,0,4,10,0
48514,duo-speed+health,8,8,3,3,3,3,0,55,0,0,COLLAPSE,NONE,0,0,0,325,378,8,2,37,0.000,13917,15787,0,325,0,0,55,0,0,4,0,0,4,10,0
48514,duo-speed+hunting,8,3,8,3,3,3,0,55,0,0,COLLAPSE,NONE,0,0,0,337,373,7,0,38,0.000,17855,19725,0,337,0,1,56,0,0,4,0,0,4,10,0
48514,duo-speed+elements,8,3,3,8,3,3,0,55,0,0,COLLAPSE,NONE,0,0,0,577,0,5,35,37,0.000,15963,17833,0,577,0,1,56,0,0,3,0,0,4,10,0
48514,duo-speed+farming,8,3,3,3,8,3,100,1937,1937,6,ASCENSION,PRAGMATIC,539,30,223919,323367,307097,5,126953,138045,0.000,45092644,19422244,25448350,405017,81650,2385,503,36,12,956,25,0,2,20,6
48514,duo-speed+gathering,8,3,3,3,3,8,0,55,0,0,COLLAPSE,NONE,0,0,0,881,0,4,29,33,0.000,14318,16188,0,881,0,1,56,0,0,3,0,0,4,10,0
48514,duo-health+hunting,3,8,8,3,3,3,0,55,0,0,COLLAPSE,NONE,0,0,0,173,255,3,26,33,0.000,12204,14074,0,173,0,0,55,0,0,3,0,0,4,10,0
48514,duo-health+elements,3,8,3,8,3,3,0,55,0,0,COLLAPSE,NONE,0,0,0,132,227,3,17,32,0.000,10681,12551,0,132,0,0,55,0,0,3,0,0,4,10,0
48514,duo-health+farming,3,8,3,3,8,3,111,4267,4267,6,ASCENSION,PASSIVE,564,47,707452,471372,423611,3,132864,212346,0.000,90193408,35294640,54193186,545607,74235,5723,1511,402,29,579,28,0,2,21,6
48514,duo-health+gathering,3,8,3,3,3,8,0,55,0,0,COLLAPSE,NONE,0,0,0,194,342,2,13,27,0.000,9391,11261,0,194,0,0,55,0,0,0,0,0,4,10,0
48514,duo-hunting+elements,3,3,8,8,3,3,0,55,0,0,COLLAPSE,NONE,0,0,0,294,0,2,9,30,0.000,12549,14419,0,294,0,0,55,0,0,0,0,0,4,10,0
48514,duo-hunting+farming,3,3,8,3,8,3,93,2197,2197,6,ASCENSION,PASSIVE,555,2,422852,289735,271262,3,26184,143812,0.000,61019289,22496142,38102164,365435,75700,2724,582,0,3,580,24,0,1,19,6
48514,duo-hunting+gathering,3,3,8,3,3,8,0,55,0,0,COLLAPSE,NONE,0,0,0,429,0,2,7,26,0.000,10973,12843,0,429,0,0,55,0,0,0,0,0,4,10,0
48514,duo-elements+farming,3,3,3,8,8,3,106,3359,3359,6,ASCENSION,ZEALOT,483,32,550035,353243,365358,1,37967,137810,0.000,76081826,32159299,43374361,424403,71160,4029,725,412,27,806,27,0,2,20,6
48514,duo-elements+gathering,3,3,3,8,3,8,0,55,0,0,COLLAPSE,NONE,0,0,0,329,0,1,5,21,0.000,8241,10111,0,329,0,0,55,0,0,0,0,0,4,10,0
48514,duo-farming+gathering,3,3,3,3,8,8,97,1492,1491,6,ASCENSION,PASSIVE,548,19,281277,335833,326092,9,25472,116906,0.000,47006537,17665980,29061149,412828,76995,1888,452,4,13,745,25,0,1,19,6
56433,naive-even,5,5,5,5,4,4,3,74,0,0,COLLAPSE,AMBITIOUS,10,0,0,218,642,37,46,132,0.025,65071,66941,0,778,560,24,79,0,0,69,1,0,4,10,0
56433,farmer,3,4,3,4,8,3,110,3720,3719,6,ASCENSION,PASSIVE,288,99,543175,377995,443243,7,44741,79318,0.000,90045992,38541884,50962803,422375,44380,4855,1191,322,43,3241,28,0,4,18,6
56433,farm+elements,3,4,3,6,6,3,84,2345,2345,6,ASCENSION,AMBITIOUS,415,23,378430,223039,236368,1,99715,66533,0.000,52874408,23756842,28741004,271039,48000,2688,398,7,8,2128,21,0,3,15,6
56433,hardy,3,8,3,5,4,3,1,56,0,0,COLLAPSE,AMBITIOUS,0,0,0,153,365,8,137,58,0.023,23000,24870,0,328,175,4,59,0,0,18,1,0,4,8,0
56433,swift,8,4,3,3,5,3,110,4262,4262,6,ASCENSION,ZEALOT,286,31,679562,596247,595675,1,57473,63772,0.000,111883319,47603446,63602180,627677,31430,5250,1043,51,28,4172,28,0,3,19,6
56433,hunter,5,4,8,3,3,3,1,56,0,0,COLLAPSE,ZEALOT,0,0,0,314,297,6,49,39,0.004,18332,20202,0,359,45,1,56,0,0,7,1,0,4,8,0
56433,warlike,4,3,7,3,6,3,96,2187,2187,6,ASCENSION,PASSIVE,305,12,331587,256489,275876,10,27155,53294,0.000,58211356,26075403,31806236,282204,25715,2763,631,100,29,4795,24,0,4,17,6
56433,scholar-ish,7,5,3,3,5,3,68,70,0,0,COLLAPSE,AMBITIOUS,10,0,229,5,499,147,8725,2704,0.000,313038,240145,74533,2630,2625,18,73,0,0,1834,17,0,3,14,0
56433,weathered,3,4,3,8,5,3,3,67,0,0,COLLAPSE,PASSIVE,9,0,0,104,550,20,80,119,0.019,57164,59034,0,609,505,13,68,0,0,53,1,0,4,8,0
56433,bad,8,3,3,3,1,3,0,55,0,0,COLLAPSE,NONE,0,0,0,89,187,2,6,20,0.000,7647,9517,0,89,0,0,55,0,0,7,0,0,4,3,0
56433,pure-speed,8,4,3,3,4,3,6,90,0,0,COLLAPSE,PRAGMATIC,29,0,0,627,405,194,0,275,0.023,158739,159895,714,2047,1420,42,97,0,0,213,2,0,4,7,0
56433,pure-health,3,8,3,4,4,3,1,57,0,0,COLLAPSE,PRAGMATIC,0,0,0,606,1,8,43,56,0.026,22384,24254,0,656,50,3,58,0,0,16,1,0,4,7,0
56433,pure-hunting,3,4,8,3,4,3,1,55,0,0,COLLAPSE,PASSIVE,0,0,0,219,289,5,52,42,0.021,19330,21200,0,279,60,2,57,0,0,0,1,0,4,7,0
56433,pure-elements,3,4,3,8,4,3,1,55,0,0,COLLAPSE,ZEALOT,0,0,0,563,0,5,26,48,0.017,20836,22706,0,563,0,1,56,0,0,9,1,0,4,7,0
56433,pure-farming,3,4,3,4,8,3,110,3720,3719,6,ASCENSION,PASSIVE,288,99,543175,377995,443243,7,44741,79318,0.000,90045992,38541884,50962803,422375,44380,4855,1191,322,43,3241,28,0,4,18,6
56433,pure-gathering,3,4,3,3,4,8,0,55,0,0,COLLAPSE,NONE,0,0,0,478,266,3,21,34,0.000,14898,16768,0,478,0,1,56,0,0,0,0,0,4,7,0
56433,farm+gathering,3,4,3,3,6,6,86,2625,2625,6,ASCENSION,ZEALOT,349,19,433261,366108,418596,1,27733,59589,0.000,60359215,25857145,34070678,396528,30420,3121,551,2,5,2364,22,0,3,15,6
56433,solo-speed,8,4,4,4,4,4,78,1893,1886,6,ASCENSION,ZEALOT,316,48,219095,303013,277625,4,38815,42859,0.000,31527492,17190420,14119845,332833,29820,2262,431,116,30,2250,20,0,4,17,6
56433,solo-health,4,8,4,4,4,4,5,86,0,0,COLLAPSE,AMBITIOUS,7,0,0,566,654,15,0,195,0.023,95231,97101,0,1541,975,36,91,0,0,96,2,0,3,10,0
56433,solo-hunting,4,4,8,4,4,4,8,114,0,0,COLLAPSE,ZEALOT,31,0,0,858,975,54,0,346,0.011,206260,207320,810,2573,1715,59,114,0,0,238,2,0,4,10,0
56433,solo-elements,4,4,4,8,4,4,1,60,0,0,COLLAPSE,ZEALOT,1,0,0,104,588,6,54,61,0.014,28171,30041,0,289,185,5,60,0,0,15,1,0,4,10,0
56433,solo-farming,4,4,4,4,8,4,102,3487,3486,6,ASCENSION,PRAGMATIC,374,12,600649,506102,516229,14,66119,77746,0.000,108025185,43221693,64204712,542272,36170,4185,754,2,9,3221,26,0,3,20,6
56433,solo-gathering,4,4,4,4,4,8,1,58,0,0,COLLAPSE,PASSIVE,0,0,0,259,760,5,43,54,0.018,26107,27977,0,364,105,3,58,0,0,12,1,0,4,10,0
56433,duo-speed+health,8,8,3,3,3,3,97,3494,3494,6,ASCENSION,AMBITIOUS,288,4,368473,446292,466759,2,33305,62134,0.000,50707083,27666619,22673860,478727,32435,4128,689,7,4,2608,25,0,3,19,6
56433,duo-speed+hunting,8,3,8,3,3,3,107,2562,2562,6,ASCENSION,ZEALOT,307,123,232102,303235,346373,0,5406331,46727,0.000,36248004,20262015,15755756,334540,31305,3344,837,462,58,2244,27,0,4,20,6
56433,duo-speed+elements,8,3,3,8,3,3,118,4846,4846,6,ASCENSION,PRAGMATIC,302,80,676265,473316,645079,23,3541778,81577,0.000,54841401,35629353,18537652,507491,34175,6702,1911,1036,22,1614,30,0,3,21,6
56433,duo-speed+farming,8,3,3,3,8,3,93,1721,1721,6,ASCENSION,ZEALOT,267,12,264419,346538,322102,2,416046,55969,0.000,62364724,20506971,41595203,375638,29100,2391,725,167,25,2316,24,0,3,19,6
56433,duo-speed+gathering,8,3,3,3,3,8,0,55,0,0,COLLAPSE,NONE,0,0,0,474,714,6,28,35,0.000,16233,18103,0,474,0,0,55,0,0,12,0,0,4,10,0
56433,duo-health+hunting,3,8,8,3,3,3,1,55,0,0,COLLAPSE,NONE,0,0,0,543,0,5,37,39,0.000,13871,15741,0,543,0,3,58,0,0,7,0,0,4,10,0
56433,duo-health+elements,3,8,3,8,3,3,0,57,0,0,COLLAPSE,NONE,0,0,0,472,0,4,25,37,0.000,12657,14527,0,472,0,3,58,0,0,4,0,0,4,10,0
56433,duo-health+farming,3,8,3,3,8,3,88,3184,3184,6,ASCENSION,PRAGMATIC,299,3,511372,275648,359176,0,479213,61338,0.000,75476986,29179226,45788257,308748,33100,3733,604,32,2,2608,22,0,3,18,6
56433,duo-health+gathering,3,8,3,3,3,8,0,56,0,0,COLLAPSE,NONE,0,0,0,697,0,4,21,33,0.000,11209,13079,0,697,0,2,57,0,0,4,0,0,4,10,0
56433,duo-hunting+elements,3,3,8,8,3,3,0,55,0,0,COLLAPSE,NONE,0,0,0,456,0,3,21,37,0.000,16420,18290,0,456,0,1,56,0,0,0,0,0,4,10,0
56433,duo-hunting+farming,3,3,8,3,8,3,109,2756,2756,6,ASCENSION,ZEALOT,276,29,476537,341511,393920,1,26959,36662,0.000,88015754,37420578,50120507,373161,31650,3564,863,216,23,4849,28,0,4,20,6
56433,duo-hunting+gathering,3,3,8,3,3,8,0,55,0,0,COLLAPSE,NONE,0,0,0,667,0,3,14,33,0.000,14280,16150,0,667,0,1,56,0,0,0,0,0,4,10,0
56433,duo-elements+farming,3,3,3,8,8,3,98,3008,3006,6,ASCENSION,AMBITIOUS,321,66,500328,342432,417204,1,402552,45980,0.000,84683312,34565573,49619281,372852,30420,3950,999,754,31,3109,25,0,4,19,6
56433,duo-elements+gathering,3,3,3,8,3,8,0,55,0,0,COLLAPSE,NONE,0,0,0,481,0,2,8,26,0.000,10616,12486,0,481,0,0,55,0,0,0,0,0,4,10,0
56433,duo-farming+gathering,3,3,3,3,8,8,83,1817,1817,6,ASCENSION,PASSIVE,366,22,314382,320191,370409,1,8744,59573,0.000,51051239,20975946,29762780,358251,38060,2174,412,32,11,2150,21,0,3,18,6
64352,naive-even,5,5,5,5,4,4,26,55,0,0,COLLAPSE,ZEALOT,1,0,484,5,677,7,820,1009,0.000,61735,53350,9770,190,185,1,56,0,0,328,7,0,2,12,0
64352,farmer,3,4,3,4,8,3,110,5547,5547,6,ASCENSION,PASSIVE,539,6,897722,783299,769419,2,1182139,109699,0.000,147524165,61335729,85292583,838739,55440,6724,1232,11,6,2836,28,0,2,18,6
64352,farm+elements,3,4,3,6,6,3,99,2754,2754,6,ASCENSION,PASSIVE,488,14,445568,312535,310087,0,32097,86367,0.000,59417151,27929138,31044314,380305,67770,3223,524,49,12,1363,25,0,2,16,6
64352,hardy,3,8,3,5,4,3,1,56,0,0,COLLAPSE,PRAGMATIC,0,0,0,13,491,6,37,50,0.018,19588,21458,0,103,90,3,58,0,0,5,1,0,3,8,0
64352,swift,8,4,3,3,5,3,3,61,0,0,COLLAPSE,AMBITIOUS,11,0,0,72,1460,21,37,118,0.000,62699,64217,351,477,405,7,62,0,0,35,1,0,3,8,0
64352,hunter,5,4,8,3,3,3,0,55,0,0,COLLAPSE,NONE,0,0,0,14,466,4,26,33,0.000,14737,16607,0,14,0,0,55,0,0,4,0,0,4,8,0
64352,warlike,4,3,7,3,6,3,91,2355,2355,6,ASCENSION,PASSIVE,511,24,285527,258369,281181,4,475938,85553,0.000,40988667,22355512,18349497,329819,71450,2836,536,219,13,2114,23,0,3,17,6
64352,scholar-ish,7,5,3,3,5,3,6,85,0,0,COLLAPSE,ZEALOT,29,0,0,122,1665,23,337,272,0.016,147426,148893,403,1332,1210,37,92,0,0,99,2,0,3,8,0
64352,weathered,3,4,3,8,5,3,2,62,0,0,COLLAPSE,PRAGMATIC,5,0,0,5,764,8,307,115,0.022,56018,57888,0,180,175,7,62,0,0,44,1,0,3,8,0
64352,bad,8,3,3,3,1,3,0,55,0,0,COLLAPSE,NONE,0,0,0,0,205,2,6,16,0.000,5809,7679,0,0,0,0,55,0,0,3,0,0,4,3,0
64352,pure-speed,8,4,3,3,4,3,1,56,0,0,COLLAPSE,PRAGMATIC,1,0,0,44,727,9,136,59,0.010,29136,31006,0,219,175,1,56,0,0,14,1,0,4,7,0
64352,pure-health,3,8,3,4,4,3,2,55,0,0,COLLAPSE,PASSIVE,0,0,0,19,478,5,33,87,0.000,15871,17741,0,69,50,1,56,0,0,21,1,0,3,7,0
64352,pure-hunting,3,4,8,3,4,3,0,57,0,0,COLLAPSE,NONE,0,0,0,0,471,4,33,37,0.000,16487,18357,0,0,0,2,57,0,0,1,0,0,4,7,0
64352,pure-elements,3,4,3,8,4,3,1,55,0,0,COLLAPSE,AMBITIOUS,0,0,0,0,445,4,19,39,0.009,17156,19026,0,0,0,1,56,0,0,1,1,0,4,7,0
64352,pure-farming,3,4,3,4,8,3,110,5547,5547,6,ASCENSION,PASSIVE,539,6,897722,783299,769419,2,1182139,109699,0.000,147524165,61335729,85292583,838739,55440,6724,1232,11,6,2836,28,0,2,18,6
64352,pure-gathering,3,4,3,3,4,8,0,56,0,0,COLLAPSE,NONE,0,0,0,0,613,3,5,32,0.000,13828,15698,0,0,0,1,56,0,0,4,0,0,4,7,0
64352,farm+gathering,3,4,3,3,6,6,107,4278,4277,6,ASCENSION,PASSIVE,475,21,683013,548946,511790,23,12722,114030,0.000,83886760,37738197,45467419,606331,57385,5205,983,31,11,1266,27,0,2,17,6
64352,solo-speed,8,4,4,4,4,4,102,2269,2269,6,ASCENSION,ZEALOT,414,37,369868,383940,406998,13,13263,69766,0.000,47643647,23908761,23366887,441110,57170,2796,582,203,7,2990,26,0,3,20,6
64352,solo-health,4,8,4,4,4,4,1,57,0,0,COLLAPSE,ZEALOT,0,0,0,0,823,9,136,58,0.030,23308,25178,0,0,0,2,57,0,0,4,1,0,4,10,0
64352,solo-hunting,4,4,8,4,4,4,3,55,0,0,COLLAPSE,PRAGMATIC,1,0,0,6,678,6,31,115,0.011,27874,29744,0,56,50,1,56,0,0,48,1,0,3,10,0
64352,solo-elements,4,4,4,8,4,4,1,56,0,0,COLLAPSE,AMBITIOUS,0,0,0,0,731,5,149,60,0.041,27136,29006,0,0,0,1,56,0,0,15,1,0,4,10,0
64352,solo-farming,4,4,4,4,8,4,98,1965,1965,6,ASCENSION,PRAGMATIC,458,25,319647,272380,267109,1,78968,68744,0.000,54627278,22181718,32127783,333295,60915,2393,483,371,16,1442,25,0,2,19,6
64352,solo-gathering,4,4,4,4,4,8,0,55,0,0,COLLAPSE,NONE,0,0,0,0,870,4,26,37,0.000,16601,18471,0,0,0,0,55,0,0,4,0,0,4,10,0
64352,duo-speed+health,8,8,3,3,3,3,1,56,0,0,COLLAPSE,NONE,0,0,0,112,697,8,52,39,0.000,14413,16283,0,112,0,2,57,0,0,4,0,0,4,10,0
64352,duo-speed+hunting,8,3,8,3,3,3,1,55,0,0,COLLAPSE,NONE,0,0,0,5,740,7,50,39,0.000,17344,19214,0,5,0,2,57,0,0,4,0,0,4,10,0
64352,duo-speed+elements,8,3,3,8,3,3,1,55,0,0,COLLAPSE,ZEALOT,0,0,0,23,653,6,36,38,0.003,17107,18977,0,23,0,1,56,0,0,4,1,0,4,10,0
64352,duo-speed+farming,8,3,3,3,8,3,90,1875,1875,6,ASCENSION,PASSIVE,470,34,332323,301273,272376,8,951619,59623,0.000,55073200,22138550,32604197,360528,59255,2328,508,277,8,1915,23,0,3,19,6
64352,duo-speed+gathering,8,3,3,3,3,8,0,55,0,0,COLLAPSE,NONE,0,0,0,0,987,5,30,32,0.000,14609,16479,0,0,0,0,55,0,0,4,0,0,4,10,0
64352,duo-health+hunting,3,8,8,3,3,3,0,55,0,0,COLLAPSE,NONE,0,0,0,8,446,4,24,34,0.000,12468,14338,0,8,0,0,55,0,0,4,0,0,4,10,0
64352,duo-health+elements,3,8,3,8,3,3,0,55,0,0,COLLAPSE,NONE,0,0,0,0,389,3,14,33,0.000,11169,13039,0,0,0,0,55,0,0,4,0,0,4,10,0
64352,duo-health+farming,3,8,3,3,8,3,113,5971,5971,6,ASCENSION,PRAGMATIC,462,128,825173,487027,429018,2,1780511,132173,0.000,81380633,40085532,40471798,550157,63130,7938,2022,1224,56,2667,29,0,4,21,6
64352,duo-health+gathering,3,8,3,3,3,8,0,55,0,0,COLLAPSE,NONE,0,0,0,18,549,3,9,28,0.000,9431,11301,0,18,0,0,55,0,0,4,0,0,4,10,0
64352,duo-hunting+elements,3,3,8,8,3,3,0,55,0,0,COLLAPSE,NONE,0,0,0,15,299,3,5,30,0.000,12835,14705,0,15,0,0,55,0,0,4,0,0,4,10,0
64352,duo-hunting+farming,3,3,8,3,8,3,97,2832,2832,6,ASCENSION,PRAGMATIC,492,6,462835,275960,268429,3,46471,61107,0.000,67545653,29632940,37451747,334635,58675,3418,641,0,2,1201,25,0,2,19,6
64352,duo-hunting+gathering,3,3,8,3,3,8,0,55,0,0,COLLAPSE,NONE,0,0,0,0,466,2,2,26,0.000,11212,13082,0,0,0,0,55,0,0,4,0,0,4,10,0
64352,duo-elements+farming,3,3,3,8,8,3,96,2800,2800,6,ASCENSION,PRAGMATIC,491,34,391630,210906,215004,0,1890523,54836,0.000,43692663,18156924,25145979,264946,54040,3177,432,52,14,913,24,0,2,19,6
64352,duo-elements+gathering,3,3,3,8,3,8,0,55,0,0,COLLAPSE,NONE,0,0,0,0,356,2,5,22,0.000,8337,10207,0,0,0,0,55,0,0,3,0,0,4,10,0
64352,duo-farming+gathering,3,3,3,3,8,8,91,2461,2461,6,ASCENSION,AMBITIOUS,482,1,414778,395981,411473,2,461201,98243,0.000,58763695,23508330,34842456,461571,65590,3036,630,28,2,1180,23,0,2,19,6
72271,naive-even,5,5,5,5,4,4,8,109,0,0,CONQUEST,PASSIVE,27,2,0,319,954,57,0,335,0.014,190672,192542,0,2039,1720,58,113,0,3,207,2,0,4,10,0
72271,farmer,3,4,3,4,8,3,92,3063,3063,6,ASCENSION,AMBITIOUS,402,31,440676,329667,320431,1,126113,70462,0.000,73559778,28334797,44786174,378402,48735,3648,640,221,9,1734,23,0,3,16,6
72271,farm+elements,3,4,3,6,6,3,101,3885,3885,6,ASCENSION,ZEALOT,381,13,492440,418996,374778,5,175850,83936,0.000,89101657,43381401,45229685,460781,41785,4537,707,367,8,2991,26,0,3,17,6
72271,hardy,3,8,3,5,4,3,1,55,0,0,COLLAPSE,PASSIVE,0,0,0,462,0,7,66,55,0.028,20906,22776,0,482,20,2,57,0,0,14,1,0,3,8,0
72271,swift,8,4,3,3,5,3,104,3508,3508,6,ASCENSION,PASSIVE,360,92,263310,317766,371143,14,4880010,67826,0.000,38549591,28044176,10243974,356716,38950,4466,1013,775,19,2639,26,0,4,18,6
72271,hunter,5,4,8,3,3,3,0,56,0,0,COLLAPSE,NONE,0,0,0,560,0,5,6,36,0.000,16247,18117,0,560,0,1,56,0,0,5,0,0,4,8,0
72271,warlike,4,3,7,3,6,3,118,4871,4871,6,ASCENSION,AMBITIOUS,366,130,543390,548110,535173,6,9318088,128952,0.000,93934705,45583234,47809950,596830,48720,6920,2104,1678,26,2538,30,0,4,19,6
72271,scholar-ish,7,5,3,3,5,3,98,3502,3502,6,ASCENSION,PASSIVE,403,95,104673,290920,339949,1,3677849,75158,0.000,29760636,23895852,5761980,340720,49800,4265,818,303,52,2573,25,0,4,17,6
72271,weathered,3,4,3,8,5,3,5,66,0,0,COLLAPSE,AMBITIOUS,9,0,0,4,18,7,69,225,0.006,59616,61486,0,949,945,15,70,0,0,127,2,0,3,8,0
72271,bad,8,3,3,3,1,3,0,55,0,0,COLLAPSE,NONE,0,0,0,203,0,2,7,17,0.000,6242,8112,0,203,0,0,55,0,0,0,0,0,4,3,0
72271,pure-speed,8,4,3,3,4,3,1,55,0,0,COLLAPSE,ZEALOT,1,0,0,286,372,9,41,62,0.013,29505,31375,0,446,160,2,57,0,0,19,1,0,4,7,0
72271,pure-health,3,8,3,4,4,3,1,55,0,0,COLLAPSE,PASSIVE,0,0,0,440,0,5,17,45,0.018,17204,19074,0,440,0,2,57,0,0,9,1,0,4,7,0
72271,pure-hunting,3,4,8,3,4,3,1,55,0,0,COLLAPSE,AMBITIOUS,0,0,0,485,0,4,16,39,0.005,18248,20118,0,505,20,0,55,0,0,8,1,0,3,7,0
72271,pure-elements,3,4,3,8,4,3,1,60,0,0,COLLAPSE,AMBITIOUS,0,0,0,450,0,4,24,42,0.018,17605,19475,0,470,20,5,60,0,0,6,1,0,3,7,0
72271,pure-farming,3,4,3,4,8,3,92,3063,3063,6,ASCENSION,AMBITIOUS,402,31,440676,329667,320431,1,126113,70462,0.000,73559778,28334797,44786174,378402,48735,3648,640,221,9,1734,23,0,3,16,6
72271,pure-gathering,3,4,3,3,4,8,0,55,0,0,COLLAPSE,NONE,0,0,0,650,0,3,14,33,0.000,14249,16119,0,650,0,0,55,0,0,4,0,0,4,7,0
72271,farm+gathering,3,4,3,3,6,6,93,3616,3616,6,ASCENSION,PRAGMATIC,405,58,328075,379216,369846,0,2127477,101957,0.000,58380155,28904787,29149162,422836,43620,4388,827,27,12,1571,24,0,3,16,6
72271,solo-speed,8,4,4,4,4,4,92,3502,3502,6,ASCENSION,PASSIVE,400,99,364651,341937,370154,1,72518,91988,0.000,38119853,24927131,12829941,393322,51385,4159,712,236,48,2005,23,0,4,19,6
72271,solo-health,4,8,4,4,4,4,1,59,0,0,COLLAPSE,ZEALOT,1,0,0,515,143,7,109,62,0.023,25623,27493,0,700,185,4,59,0,0,19,1,0,4,10,0
72271,solo-hunting,4,4,8,4,4,4,1,57,0,0,COLLAPSE,AMBITIOUS,2,0,0,562,129,7,51,64,0.012,31385,33255,0,717,155,3,58,0,0,29,1,0,4,10,0
72271,solo-elements,4,4,4,8,4,4,1,57,0,0,COLLAPSE,AMBITIOUS,1,0,0,727,0,7,87,54,0.013,24407,26277,0,772,45,3,58,0,0,15,1,0,4,10,0
72271,solo-farming,4,4,4,4,8,4,111,4662,4662,6,ASCENSION,ZEALOT,339,109,598505,399594,401370,0,4224768,109407,0.000,70886819,34708215,35581968,448854,49260,6042,1435,1248,44,2959,28,0,4,21,6
72271,solo-gathering,4,4,4,4,4,8,1,55,0,0,COLLAPSE,PRAGMATIC,0,0,0,930,0,5,6,40,0.010,18393,20263,0,950,20,0,55,0,0,8,1,0,4,10,0
72271,duo-speed+health,8,8,3,3,3,3,1,58,0,0,COLLAPSE,AMBITIOUS,0,0,0,510,142,8,30,39,0.008,14700,16570,0,565,55,3,58,0,0,8,1,0,4,10,0
72271,duo-speed+hunting,8,3,8,3,3,3,1,56,0,0,COLLAPSE,AMBITIOUS,0,0,0,503,199,8,7,39,0.008,19317,21187,0,553,50,1,56,0,0,10,1,0,4,10,0
72271,duo-speed+elements,8,3,3,8,3,3,1,56,0,0,COLLAPSE,AMBITIOUS,0,0,0,615,0,6,15,39,0.003,17497,19367,0,640,25,1,56,0,0,7,1,0,4,10,0
72271,duo-speed+farming,8,3,3,3,8,3,105,3438,3438,6,ASCENSION,PASSIVE,323,4,612023,513638,531514,3,183500,67502,0.000,118469004,48423756,69435095,551573,37935,4179,796,0,6,3057,27,0,3,20,6
72271,duo-speed+gathering,8,3,3,3,3,8,0,55,0,0,COLLAPSE,NONE,0,0,0,927,0,5,13,32,0.000,14836,16706,0,927,0,0,55,0,0,8,0,0,4,10,0
72271,duo-health+hunting,3,8,8,3,3,3,0,55,0,0,COLLAPSE,NONE,0,0,0,397,0,5,41,37,0.000,13939,15809,0,397,0,0,55,0,0,4,0,0,4,10,0
72271,duo-health+elements,3,8,3,8,3,3,0,55,0,0,COLLAPSE,NONE,0,0,0,323,0,4,25,34,0.000,11937,13807,0,323,0,0,55,0,0,4,0,0,4,10,0
72271,duo-health+farming,3,8,3,3,8,3,83,3247,3247,6,ASCENSION,AMBITIOUS,414,20,463117,248105,247924,1,114326,72201,0.000,69110949,29468352,39181349,294850,46745,3718,526,32,9,2196,21,0,3,18,6
72271,duo-health+gathering,3,8,3,3,3,8,0,55,0,0,COLLAPSE,NONE,0,0,0,479,0,3,20,29,0.000,10458,12328,0,479,0,0,55,0,0,4,0,0,4,10,0
72271,duo-hunting+elements,3,3,8,8,3,3,0,55,0,0,COLLAPSE,NONE,0,0,0,366,0,3,16,33,0.000,14559,16429,0,366,0,0,55,0,0,4,0,0,4,10,0
72271,duo-hunting+farming,3,3,8,3,8,3,107,4266,4266,6,ASCENSION,AMBITIOUS,421,2,742222,475250,449604,1,30250,87818,0.000,127920799,55498857,71681590,515735,40485,5146,935,183,15,3024,27,0,3,20,6
72271,duo-hunting+gathering,3,3,8,3,3,8,0,55,0,0,COLLAPSE,NONE,0,0,0,532,0,3,10,32,0.000,12433,14303,0,532,0,0,55,0,0,4,0,0,4,10,0
72271,duo-elements+farming,3,3,3,8,8,3,92,4070,4070,6,ASCENSION,PASSIVE,405,3,796487,367850,346287,20,26496,100003,0.000,103850136,48054486,55001032,422605,54755,4510,495,1,6,2757,23,0,3,19,6
72271,duo-elements+gathering,3,3,3,8,3,8,0,55,0,0,COLLAPSE,NONE,0,0,0,382,0,2,6,23,0.000,8910,10780,0,382,0,0,55,0,0,2,0,0,4,10,0
72271,duo-farming+gathering,3,3,3,3,8,8,99,3769,3769,6,ASCENSION,PRAGMATIC,413,1,571046,610672,620351,1,129888,118136,0.000,100468012,42904049,56994786,655222,44550,4482,768,25,1,3040,25,0,3,19,6
80190,naive-even,5,5,5,5,4,4,79,2217,2217,6,ASCENSION,PRAGMATIC,253,39,264384,278451,268029,6,48477,53829,0.000,35243625,19348260,15632850,311486,33035,2572,410,242,24,1242,20,0,3,17,6
80190,farmer,3,4,3,4,8,3,106,3477,3477,6,ASCENSION,AMBITIOUS,282,2,525532,419732,407629,8,118274,74841,0.000,86752033,32850264,53378105,453352,33620,4213,791,34,16,1203,27,0,2,17,6
80190,farm+elements,3,4,3,6,6,3,98,3207,3207,6,ASCENSION,PASSIVE,186,31,405296,313119,363969,3,59027,55297,0.000,64980678,32509295,32067956,342744,29625,3813,661,438,23,2275,25,0,3,16,6
80190,hardy,3,8,3,5,4,3,1,64,0,0,COLLAPSE,AMBITIOUS,1,0,0,49,251,7,64,62,0.012,25349,27219,0,219,170,9,64,0,0,24,1,0,4,8,0
80190,swift,8,4,3,3,5,3,300,161,5,5,ENDURANCE,AMBITIOUS,131,82,4418,120681,111693,6480,250069,13064,0.000,21518943,6832898,14683496,126336,5655,295,345,264,18,3110,75,0,2,38,5
80190,hunter,5,4,8,3,3,3,1,55,0,0,COLLAPSE,NONE,0,0,0,297,191,6,31,39,0.000,16422,18292,0,297,0,1,56,0,0,9,0,0,4,8,0
80190,warlike,4,3,7,3,6,3,92,2134,2134,6,ASCENSION,PRAGMATIC,300,6,210880,303487,277902,8,87896,65682,0.000,40823486,20711309,19903166,353092,49605,2738,659,123,19,1182,23,0,2,17,6
80190,scholar-ish,7,5,3,3,5,3,106,2561,2561,6,ASCENSION,PASSIVE,225,43,334780,309861,357641,2,41820,48111,0.000,43415552,25744756,17337885,344226,34365,3260,754,380,24,2330,27,0,3,18,6
80190,weathered,3,4,3,8,5,3,91,2968,2968,6,ASCENSION,PASSIVE,307,6,433426,353485,291636,2,68856,70324,0.000,61378501,30350022,30596922,388075,34590,3364,451,38,18,2178,23,2,2,17,6
80190,bad,8,3,3,3,1,3,0,55,0,0,COLLAPSE,NONE,0,0,0,149,0,3,6,22,0.000,8559,10429,0,149,0,0,55,0,0,4,0,0,4,3,0
80190,pure-speed,8,4,3,3,4,3,82,1715,1715,6,ASCENSION,PASSIVE,338,1,175815,265776,260416,2,69038,42819,0.000,25036220,15283175,9579099,306356,40580,2053,393,22,1,1110,21,0,2,15,6
80190,pure-health,3,8,3,4,4,3,1,59,0,0,COLLAPSE,PRAGMATIC,1,0,0,25,211,7,101,62,0.027,25771,27641,0,210,185,5,60,0,0,20,1,0,4,7,0
80190,pure-hunting,3,4,8,3,4,3,1,57,0,0,COLLAPSE,PRAGMATIC,0,0,0,129,87,6,52,45,0.014,21020,22890,0,189,60,2,57,0,0,9,1,0,4,7,0
80190,pure-elements,3,4,3,8,4,3,1,59,0,0,COLLAPSE,AMBITIOUS,0,0,0,167,0,5,48,47,0.018,20879,22749,0,192,25,4,59,0,0,9,1,0,4,7,0
80190,pure-farming,3,4,3,4,8,3,106,3477,3477,6,ASCENSION,AMBITIOUS,282,2,525532,419732,407629,8,118274,74841,0.000,86752033,32850264,53378105,453352,33620,4213,791,34,16,1203,27,0,2,17,6
80190,pure-gathering,3,4,3,3,4,8,0,56,0,0,COLLAPSE,NONE,0,0,0,246,0,4,12,34,0.000,15270,17140,0,246,0,1,56,0,0,7,0,0,4,7,0
80190,farm+gathering,3,4,3,3,6,6,114,4040,4038,6,ASCENSION,PASSIVE,296,33,412430,525481,531453,6,245470,98970,0.000,83296876,39999708,42886607,569941,44460,4989,1006,110,27,1378,29,1,2,18,6
80190,solo-speed,8,4,4,4,4,4,10,92,0,0,COLLAPSE,PRAGMATIC,44,0,0,530,541,134,0,401,0.017,225047,217224,9693,2725,2195,54,109,11,6,100,3,0,3,11,0
80190,solo-health,4,8,4,4,4,4,91,4332,4332,6,ASCENSION,ZEALOT,426,1,508476,527672,516216,2,157511,107289,0.000,54438595,31551252,22380736,578037,50365,5036,759,60,2,1354,23,0,2,19,6
80190,solo-hunting,4,4,8,4,4,4,8,110,0,0,COLLAPSE,PASSIVE,44,2,0,435,662,58,0,343,0.010,207557,206248,3179,2145,1710,58,113,5,6,148,2,0,3,10,0
80190,solo-elements,4,4,4,8,4,4,82,2346,2346,6,ASCENSION,PASSIVE,368,0,296224,263374,240588,2,14439,51803,0.000,31976138,19343665,12338118,307434,44060,2536,245,0,2,1347,21,0,2,18,6
80190,solo-farming,4,4,4,4,8,4,83,1871,1871,6,ASCENSION,AMBITIOUS,350,4,316221,241065,171324,12,23681,51980,0.000,46076287,19282975,26478960,284985,43920,2143,327,30,13,1351,21,0,2,18,6
80190,solo-gathering,4,4,4,4,4,8,1,57,0,0,COLLAPSE,PASSIVE,2,0,0,66,478,7,44,59,0.011,28078,29948,0,221,155,3,58,0,1,19,1,0,4,10,0
80190,duo-speed+health,8,8,3,3,3,3,80,1941,1941,6,ASCENSION,PASSIVE,214,24,179918,246997,267707,5,15285,45014,0.000,23653352,14874071,8601232,279782,32785,2255,369,64,12,1811,20,0,3,18,6
80190,duo-speed+hunting,8,3,8,3,3,3,104,2521,2521,6,ASCENSION,AMBITIOUS,263,3,297979,375430,428009,8,59679,101054,0.000,45091494,24007304,20788080,410165,34735,3137,671,39,26,1531,26,0,2,20,6
80190,duo-speed+elements,8,3,3,8,3,3,98,2789,2789,6,ASCENSION,PRAGMATIC,280,34,263838,262490,271363,0,2413897,82331,0.000,28719510,19656820,8800721,305005,42515,3401,667,295,27,1465,25,0,2,19,6
80190,duo-speed+farming,8,3,3,3,8,3,108,2348,2348,6,ASCENSION,PRAGMATIC,180,13,456944,373066,362713,1,41633,63423,0.000,71734863,27474037,43805751,400361,27295,2914,621,56,18,1016,27,0,2,20,6
80190,duo-speed+gathering,8,3,3,3,3,8,0,55,0,0,COLLAPSE,NONE,0,0,0,478,461,7,11,36,0.000,17039,18909,0,478,0,1,56,0,0,8,0,0,4,10,0
80190,duo-health+hunting,3,8,8,3,3,3,9,117,0,0,COLLAPSE,ZEALOT,10,0,0,23,725,123,0,400,0.009,189920,191790,0,1893,1870,67,122,2,2,145,3,0,3,10,0
80190,duo-health+elements,3,8,3,8,3,3,1,56,0,0,COLLAPSE,PASSIVE,0,0,0,148,0,5,24,38,0.000,13668,15538,0,188,40,1,56,0,0,9,1,0,4,10,0
80190,duo-health+farming,3,8,3,3,8,3,91,3992,3992,6,ASCENSION,PRAGMATIC,348,31,532256,374986,384909,8,1238402,80273,0.000,67394677,29488319,37375972,425951,50965,4634,697,139,9,1299,23,3,2,19,6
80190,duo-health+gathering,3,8,3,3,3,8,0,55,0,0,COLLAPSE,NONE,0,0,0,275,1,4,15,33,0.000,11571,13441,0,275,0,1,56,0,0,7,0,0,4,10,0
80190,duo-hunting+elements,3,3,8,8,3,3,1,57,0,0,COLLAPSE,PASSIVE,0,0,0,124,0,4,15,40,0.006,17633,19503,0,164,40,2,57,0,0,9,1,0,4,10,0
80190,duo-hunting+farming,3,3,8,3,8,3,122,2575,2573,6,ASCENSION,PRAGMATIC,160,79,583926,361969,331743,5,49040,50557,0.000,78720214,34419659,43718499,385519,23550,3466,948,668,38,1822,31,0,3,22,6
80190,duo-hunting+gathering,3,3,8,3,3,8,0,56,0,0,COLLAPSE,NONE,0,0,0,229,0,3,7,34,0.000,15104,16974,0,229,0,1,56,0,0,7,0,0,4,10,0
80190,duo-elements+farming,3,3,3,8,8,3,87,2517,2517,6,ASCENSION,AMBITIOUS,278,38,427216,229862,239697,12,21836,47747,0.000,55029771,25264985,29339439,265607,35745,2816,354,86,24,1538,22,0,3,18,6
80190,duo-elements+gathering,3,3,3,8,3,8,0,55,0,0,COLLAPSE,NONE,0,0,0,168,0,2,8,26,0.000,10720,12590,0,168,0,0,55,0,0,3,0,0,4,10,0
80190,duo-farming+gathering,3,3,3,3,8,8,146,1507,1109,6,ASCENSION,PASSIVE,154,105,142095,409579,407309,3,2060492,69531,0.000,54219595,25706364,28373005,432724,23145,2915,1861,3101,29,1885,37,0,3,24,6
88109,naive-even,5,5,5,5,4,4,300,662,35,5,ENDURANCE,PRAGMATIC,48,279,9045,333965,322341,33176,592017,13316,0.000,42522277,19580762,22934338,352990,19025,1391,1411,2228,53,3162,75,0,3,40,5
88109,farmer,3,4,3,4,8,3,89,2024,2024,6,ASCENSION,ZEALOT,289,16,342207,203370,216035,6,32057,42610,0.000,55714931,23968334,31406259,246180,42810,2480,511,102,15,2198,23,0,3,15,6
88109,farm+elements,3,4,3,6,6,3,15,132,0,0,COLLAPSE,AMBITIOUS,10,6,0,1241,475,198,0,647,0.049,561262,467610,95522,4571,3330,91,146,2,13,346,4,0,4,8,0
88109,hardy,3,8,3,5,4,3,3,57,0,0,COLLAPSE,AMBITIOUS,0,2,0,443,0,6,9,115,0.010,23353,25223,0,713,270,2,57,0,3,89,1,0,4,8,0
88109,swift,8,4,3,3,5,3,111,2383,2382,6,ASCENSION,PRAGMATIC,201,51,384989,330641,299212,8,5133502,42847,0.000,32415283,21216664,10815499,360266,29625,3411,1084,518,19,1923,28,0,3,19,6
88109,hunter,5,4,8,3,3,3,0,56,0,0,COLLAPSE,NONE,0,0,0,296,299,6,56,37,0.000,17428,19298,0,296,0,1,56,0,0,0,0,0,4,8,0
88109,warlike,4,3,7,3,6,3,115,3212,3209,6,ASCENSION,AMBITIOUS,160,4,294539,557374,500371,3,286154,31939,0.000,101680719,46270693,55117356,576809,19435,4034,880,11,6,3092,29,0,3,19,6
88109,scholar-ish,7,5,3,3,5,3,29,98,0,0,CONQUEST,PASSIVE,7,5,577,7,853,106,290,1187,0.036,209795,188658,22428,2512,2505,48,103,24,10,577,8,0,3,10,0
88109,weathered,3,4,3,8,5,3,142,1342,1342,6,ASCENSION,PRAGMATIC,177,51,178160,264364,265217,0,1029823,8958,0.000,31930977,13624602,18130084,273479,9115,1774,487,276,29,2462,36,0,3,22,6
88109,bad,8,3,3,3,1,3,0,55,0,0,COLLAPSE,NONE,0,0,0,296,0,2,11,20,0.000,7915,9785,0,296,0,0,55,0,0,3,0,0,4,3,0
88109,pure-speed,8,4,3,3,4,3,6,89,0,0,COLLAPSE,PASSIVE,35,1,0,957,786,33,0,269,0.020,162506,161873,2503,2277,1320,37,92,0,4,161,2,0,4,7,0
88109,pure-health,3,8,3,4,4,3,28,57,0,0,COLLAPSE,PASSIVE,0,3,399,14,0,8,1994,1100,0.000,40493,41007,956,674,660,4,59,0,7,487,7,0,3,9,0
88109,pure-hunting,3,4,8,3,4,3,1,57,0,0,COLLAPSE,PASSIVE,1,0,0,142,274,5,1,62,0.017,30401,32271,0,312,170,3,58,0,0,12,1,0,4,7,0
88109,pure-elements,3,4,3,8,4,3,1,55,0,0,COLLAPSE,AMBITIOUS,0,0,0,486,0,4,42,48,0.010,21400,23270,0,546,60,0,55,0,0,11,1,0,4,7,0
88109,pure-farming,3,4,3,4,8,3,89,2024,2024,6,ASCENSION,ZEALOT,289,16,342207,203370,216035,6,32057,42610,0.000,55714931,23968334,31406259,246180,42810,2480,511,102,15,2198,23,0,3,15,6
88109,pure-gathering,3,4,3,3,4,8,0,55,0,0,COLLAPSE,NONE,0,0,0,731,0,3,27,34,0.000,15191,17061,0,731,0,0,55,0,0,0,0,0,4,7,0
88109,farm+gathering,3,4,3,3,6,6,117,3502,3502,6,ASCENSION,ZEALOT,233,36,539417,697511,642414,18,104576,56554,0.000,107879833,48868691,58473594,731596,34085,4645,1198,271,36,2936,30,0,3,18,6
88109,solo-speed,8,4,4,4,4,4,117,2774,2774,6,ASCENSION,AMBITIOUS,167,51,342640,464679,430199,2,199690,40635,0.000,64969964,28047377,36581816,483789,19110,3817,1098,614,23,2483,30,0,3,21,6
88109,solo-health,4,8,4,4,4,4,5,73,0,0,COLLAPSE,AMBITIOUS,0,2,0,405,474,44,0,193,0.026,93241,95111,0,1365,960,24,79,6,4,94,2,0,4,10,0
88109,solo-hunting,4,4,8,4,4,4,8,97,0,0,COLLAPSE,PASSIVE,54,1,0,576,671,68,112,337,0.014,186469,188339,0,2306,1730,52,107,0,6,200,2,0,4,10,0
88109,solo-elements,4,4,4,8,4,4,1,58,0,0,COLLAPSE,ZEALOT,1,0,0,414,331,6,9,59,0.012,26811,28681,0,579,165,4,59,0,0,19,1,0,4,10,0
88109,solo-farming,4,4,4,4,8,4,91,2324,2324,6,ASCENSION,PRAGMATIC,247,104,399954,327104,334630,10,836239,61634,0.000,61468372,22712647,38357641,358829,31725,2827,558,638,27,1109,23,0,4,19,6
88109,solo-gathering,4,4,4,4,4,8,1,56,0,0,COLLAPSE,ZEALOT,1,0,0,575,370,6,31,58,0.029,27564,29434,0,765,190,3,58,0,0,21,1,0,4,10,0
88109,duo-speed+health,8,8,3,3,3,3,8,116,0,0,COLLAPSE,PASSIVE,33,0,0,708,847,66,273,315,0.018,170336,172206,0,2353,1645,66,121,0,1,151,2,0,3,10,0
88109,duo-speed+hunting,8,3,8,3,3,3,90,1973,1973,6,ASCENSION,ZEALOT,301,62,233545,332870,323453,9,27106,30126,0.000,37763582,19846002,17685904,371380,38510,2367,449,169,27,1314,23,0,3,19,6
88109,duo-speed+elements,8,3,3,8,3,3,16,55,0,0,COLLAPSE,AMBITIOUS,0,0,525,3,324,7,525,637,0.491,50672,46414,5602,493,490,1,56,0,0,578,4,0,4,11,0
88109,duo-speed+farming,8,3,3,3,8,3,98,1924,1924,6,ASCENSION,AMBITIOUS,198,88,357039,287734,258103,1,28623,53160,0.000,57852255,24701176,32795909,318784,31050,2554,685,552,40,2821,25,0,4,19,6
88109,duo-speed+gathering,8,3,3,3,3,8,0,56,0,0,COLLAPSE,NONE,0,0,0,779,481,6,26,36,0.000,16328,18198,0,779,0,2,57,0,0,8,0,0,4,10,0
88109,duo-health+hunting,3,8,8,3,3,3,3,57,0,0,COLLAPSE,AMBITIOUS,0,0,3,420,0,5,47,117,0.263,15404,17271,0,560,140,3,58,0,0,66,1,0,4,10,0
88109,duo-health+elements,3,8,3,8,3,3,0,58,0,0,COLLAPSE,NONE,0,0,0,481,0,4,32,36,0.000,12899,14769,0,481,0,3,58,0,0,0,0,0,4,10,0
88109,duo-health+farming,3,8,3,3,8,3,101,4981,4981,6,ASCENSION,AMBITIOUS,277,17,757745,647801,586861,0,149049,60276,0.000,116089704,48721146,66612681,679091,31290,5904,978,39,34,2314,26,0,3,20,6
88109,duo-health+gathering,3,8,3,3,3,8,0,57,0,0,COLLAPSE,NONE,0,0,0,710,0,4,24,33,0.000,11210,13080,0,710,0,2,57,0,0,3,0,0,4,10,0
88109,duo-hunting+elements,3,3,8,8,3,3,0,55,0,0,COLLAPSE,NONE,0,0,0,448,0,4,26,37,0.000,16851,18721,0,448,0,0,55,0,0,0,0,0,4,10,0
88109,duo-hunting+farming,3,3,8,3,8,3,118,3331,3331,6,ASCENSION,ZEALOT,167,77,604853,487354,385532,1,63167,47473,0.000,102484785,44793311,57088490,510874,23520,4262,986,337,39,2007,30,0,3,21,6
88109,duo-hunting+gathering,3,3,8,3,3,8,0,55,0,0,COLLAPSE,NONE,0,0,0,646,0,3,18,32,0.000,14360,16230,0,646,0,0,55,0,0,3,0,0,4,10,0
88109,duo-elements+farming,3,3,3,8,8,3,115,3181,3181,6,ASCENSION,PRAGMATIC,182,17,649992,526446,399207,1,83623,57548,0.000,98771185,38041060,60082002,548646,22200,3757,631,25,12,2832,29,0,3,21,6
88109,duo-elements+gathering,3,3,3,8,3,8,0,55,0,0,COLLAPSE,NONE,0,0,0,466,0,2,10,25,0.000,10310,12180,0,466,0,0,55,0,0,0,0,0,4,10,0
88109,duo-farming+gathering,3,3,3,3,8,8,93,1808,1808,6,ASCENSION,ZEALOT,168,9,289314,369304,353020,1,51931,54594,0.000,51223364,21699686,29236233,395464,26160,2254,501,19,10,2198,24,0,3,19,6
96028,naive-even,5,5,5,5,4,4,94,3043,3043,6,ASCENSION,ZEALOT,108,20,411392,402511,371793,13,17824,27344,0.000,47112448,25622729,21080197,425396,22885,3565,577,65,14,1178,24,0,2,19,6
96028,farmer,3,4,3,4,8,3,102,2791,2791,6,ASCENSION,PASSIVE,136,75,356804,328673,321759,2,1120236,19287,0.000,60773641,26869101,33549604,345138,16465,3907,1171,586,51,1131,26,0,3,17,6
96028,farm+elements,3,4,3,6,6,3,86,2082,2082,6,ASCENSION,PASSIVE,134,11,297009,235636,242495,12,19681,29270,0.000,45192016,20975114,23921761,256496,20860,2500,473,58,17,1208,22,0,2,15,6
96028,hardy,3,8,3,5,4,3,1,57,0,0,COLLAPSE,PASSIVE,1,0,0,3,426,6,37,57,0.012,23164,25034,0,173,170,2,57,0,0,18,1,0,4,8,0
96028,swift,8,4,3,3,5,3,114,2185,2185,6,ASCENSION,PASSIVE,132,102,309022,378178,322675,3,119307,35316,0.000,59097543,24434984,34355405,399053,20875,3224,1094,1044,31,879,29,0,3,19,6
96028,hunter,5,4,8,3,3,3,0,56,0,0,COLLAPSE,NONE,0,0,0,379,0,4,42,36,0.000,15848,17718,0,379,0,1,56,0,0,0,0,0,4,8,0
96028,warlike,4,3,7,3,6,3,102,2439,2439,6,ASCENSION,AMBITIOUS,130,45,350185,358700,341005,4,51947,45201,0.000,62535498,25180066,37007117,383135,24435,3164,780,137,28,827,26,0,2,18,6
96028,scholar-ish,7,5,3,3,5,3,26,96,0,0,CONQUEST,PASSIVE,0,3,512,1,504,87,407,1065,0.004,178202,162813,16747,1526,1525,48,103,6,10,255,7,0,2,10,0
96028,weathered,3,4,3,8,5,3,2,65,0,0,CONQUEST,PRAGMATIC,7,1,0,265,496,7,245,113,0.025,54447,56317,0,705,440,11,66,0,1,56,1,0,3,8,0
96028,bad,8,3,3,3,1,3,0,55,0,0,COLLAPSE,NONE,0,0,0,178,0,2,9,19,0.000,7455,9325,0,178,0,0,55,0,0,3,0,0,4,3,0
96028,pure-speed,8,4,3,3,4,3,5,68,0,0,CONQUEST,ZEALOT,17,0,0,7,651,60,12,193,0.032,103756,105622,4,1027,1020,19,74,0,3,87,2,0,3,7,0
96028,pure-health,3,8,3,4,4,3,1,59,0,0,COLLAPSE,PASSIVE,0,0,0,416,0,7,11,55,0.014,22449,24319,0,491,75,4,59,0,0,13,1,0,4,7,0
96028,pure-hunting,3,4,8,3,4,3,1,61,0,0,COLLAPSE,ZEALOT,1,0,0,456,0,5,33,61,0.005,29938,31808,0,526,70,7,62,0,0,21,1,0,4,7,0
96028,pure-elements,3,4,3,8,4,3,1,55,0,0,COLLAPSE,ZEALOT,0,0,0,420,0,4,41,45,0.012,19737,21607,0,440,20,1,56,0,0,4,1,0,4,7,0
96028,pure-farming,3,4,3,4,8,3,102,2791,2791,6,ASCENSION,PASSIVE,136,75,356804,328673,321759,2,1120236,19287,0.000,60773641,26869101,33549604,345138,16465,3907,1171,586,51,1131,26,0,3,17,6
96028,pure-gathering,3,4,3,3,4,8,0,55,0,0,COLLAPSE,NONE,0,0,0,582,0,3,17,34,0.000,14600,16470,0,582,0,1,56,0,0,0,0,0,4,7,0
96028,farm+gathering,3,4,3,3,6,6,105,2462,2462,6,ASCENSION,PASSIVE,119,82,232430,360840,353424,8,592913,36415,0.000,48593283,23155152,25207570,381510,20670,3364,957,694,45,1179,27,0,3,17,6
96028,solo-speed,8,4,4,4,4,4,109,4253,4253,6,ASCENSION,ZEALOT,141,82,696006,670725,586426,1,36454,16896,0.000,88258162,42666703,44897322,688800,18075,5363,1165,550,37,1574,28,0,3,20,6
96028,solo-health,4,8,4,4,4,4,8,110,0,0,COLLAPSE,PRAGMATIC,26,1,0,390,893,157,0,330,0.022,163606,165476,0,2065,1675,64,119,6,3,141,2,0,3,10,0
96028,solo-hunting,4,4,8,4,4,4,1,62,0,0,COLLAPSE,PRAGMATIC,1,0,0,62,538,6,158,64,0.026,31178,33048,0,237,175,8,63,0,0,21,1,0,4,10,0
96028,solo-elements,4,4,4,8,4,4,1,57,0,0,COLLAPSE,AMBITIOUS,0,0,0,101,569,6,80,54,0.008,24777,26647,0,221,120,3,58,0,0,14,1,0,4,10,0
96028,solo-farming,4,4,4,4,8,4,110,3017,3017,6,ASCENSION,AMBITIOUS,107,5,453483,493730,420438,6,141083,34968,0.000,82939508,34060885,48427009,512575,18845,3652,690,22,18,1514,28,0,2,21,6
96028,solo-gathering,4,4,4,4,4,8,1,58,0,0,COLLAPSE,AMBITIOUS,1,0,0,752,0,5,43,51,0.011,23569,25439,0,777,25,4,59,0,0,14,1,0,4,10,0
96028,duo-speed+health,8,8,3,3,3,3,81,2595,2595,6,ASCENSION,AMBITIOUS,168,4,260923,317071,306238,7,43959,15347,0.000,34983930,18746698,15978178,333306,16235,2974,434,9,5,1368,21,0,2,18,6
96028,duo-speed+hunting,8,3,8,3,3,3,8,118,0,0,COLLAPSE,AMBITIOUS,51,2,0,556,1517,55,0,363,0.025,228493,229752,610,2476,1920,67,122,2,5,123,2,0,3,10,0
96028,duo-speed+elements,8,3,3,8,3,3,1,55,0,0,COLLAPSE,PRAGMATIC,0,0,0,333,313,7,19,44,0.005,20387,22257,0,383,50,0,55,0,0,11,1,0,4,10,0
96028,duo-speed+farming,8,3,3,3,8,3,96,2405,2405,6,ASCENSION,PRAGMATIC,183,37,378405,354480,307609,0,1466530,44376,0.000,65382322,24613378,40392408,379745,25265,3236,886,245,19,792,24,0,2,19,6
96028,duo-speed+gathering,8,3,3,3,3,8,0,55,0,0,COLLAPSE,NONE,0,0,0,708,0,6,42,34,0.000,15962,17832,0,708,0,0,55,0,0,4,0,0,4,10,0
96028,duo-health+hunting,3,8,8,3,3,3,10,118,0,0,COLLAPSE,ZEALOT,22,0,0,320,757,228,0,411,0.031,207814,209684,0,2245,1925,71,126,0,0,139,3,0,3,11,0
96028,duo-health+elements,3,8,3,8,3,3,0,57,0,0,COLLAPSE,NONE,0,0,0,335,0,4,31,37,0.000,12867,14737,0,335,0,2,57,0,0,0,0,0,4,10,0
96028,duo-health+farming,3,8,3,3,8,3,109,7186,7186,6,ASCENSION,PASSIVE,224,114,976287,724376,664233,28,4756228,74613,0.000,124346744,54515367,68856960,751991,27615,9759,2628,912,47,776,28,0,3,20,6
96028,duo-health+gathering,3,8,3,3,3,8,0,55,0,0,COLLAPSE,NONE,0,0,0,491,0,3,27,32,0.000,11575,13445,0,491,0,1,56,0,0,0,0,0,4,10,0
96028,duo-hunting+elements,3,3,8,8,3,3,0,56,0,0,COLLAPSE,NONE,0,0,0,320,0,3,18,34,0.000,14699,16569,0,320,0,1,56,0,0,0,0,0,4,10,0
96028,duo-hunting+farming,3,3,8,3,8,3,113,3185,3184,6,ASCENSION,AMBITIOUS,141,112,414028,406884,387582,1,1703167,30295,0.000,70594617,27020015,43162443,425984,19100,4634,1505,1011,32,618,29,0,3,21,6
96028,duo-hunting+gathering,3,3,8,3,3,8,0,55,0,0,COLLAPSE,NONE,0,0,0,460,0,2,11,29,0.000,12677,14547,0,460,0,0,55,0,0,0,0,0,4,10,0
96028,duo-elements+farming,3,3,3,8,8,3,96,3538,3538,6,ASCENSION,PASSIVE,136,32,586507,414486,411452,0,1453582,42954,0.000,77146867,27723411,48838818,434846,20360,4129,646,55,20,1554,24,0,2,19,6
96028,duo-elements+gathering,3,3,3,8,3,8,0,55,0,0,COLLAPSE,NONE,0,0,0,330,0,1,7,23,0.000,9122,10992,0,330,0,0,55,0,0,0,0,0,4,10,0
96028,duo-farming+gathering,3,3,3,3,8,8,91,2555,2555,6,ASCENSION,ZEALOT,135,71,411013,572906,357167,0,920808,21696,0.000,59721807,25648304,33664360,593201,20295,3315,815,359,34,997,23,0,3,19,6
103947,naive-even,5,5,5,5,4,4,1,59,0,0,COLLAPSE,ZEALOT,2,0,0,763,124,8,17,63,0.002,29274,31144,0,913,150,4,59,0,2,39,1,0,4,10,0
103947,farmer,3,4,3,4,8,3,98,2043,2043,6,ASCENSION,ZEALOT,552,44,326513,291435,246432,9,7897,106077,0.000,54103026,19542833,34235549,361025,69590,2814,826,593,25,2132,25,0,3,16,6
103947,farm+elements,3,4,3,6,6,3,122,3367,3367,6,ASCENSION,ZEALOT,304,115,479460,500943,477670,4,119262,60262,0.000,90268168,44387242,45403335,533718,32775,4554,1242,1429,36,3316,31,0,4,19,6
103947,hardy,3,8,3,5,4,3,1,55,0,0,COLLAPSE,AMBITIOUS,0,0,0,572,0,7,9,56,0.018,21881,23751,0,617,45,3,58,0,0,25,1,0,4,8,0
103947,swift,8,4,3,3,5,3,2,65,0,0,COLLAPSE,PRAGMATIC,3,1,0,1255,26,14,17,112,0.030,60232,61249,852,1435,180,12,67,0,2,95,1,0,4,8,0
103947,hunter,5,4,8,3,3,3,0,55,0,0,COLLAPSE,NONE,0,0,0,566,0,4,10,35,0.000,15466,17336,0,566,0,1,56,0,0,13,0,0,4,8,0
103947,warlike,4,3,7,3,6,3,92,1528,1527,6,ASCENSION,ZEALOT,257,75,225434,236805,227522,8,87042,61251,0.000,46166899,21912046,24031287,269710,32905,1962,490,45,29,2751,23,0,4,17,6
103947,scholar-ish,7,5,3,3,5,3,6,104,0,0,COLLAPSE,AMBITIOUS,31,0,0,2330,225,56,186,273,0.021,163006,164819,56,3705,1375,53,108,0,0,260,2,0,4,8,0
103947,weathered,3,4,3,8,5,3,2,63,0,0,COLLAPSE,PASSIVE,3,0,0,1008,0,7,83,111,0.011,53397,55267,0,1103,95,11,66,0,0,78,1,0,4,8,0
103947,bad,8,3,3,3,1,3,0,55,0,0,COLLAPSE,NONE,0,0,0,247,0,2,1,17,0.000,6414,8284,0,247,0,0,55,0,0,4,0,0,4,3,0
103947,pure-speed,8,4,3,3,4,3,6,100,0,0,COLLAPSE,PASSIVE,36,0,0,1770,91,90,0,277,0.005,171043,171409,1503,3170,1400,50,105,0,0,297,2,0,4,7,0
103947,pure-health,3,8,3,4,4,3,1,55,0,0,COLLAPSE,ZEALOT,0,0,0,493,0,5,14,42,0.011,15982,17852,0,538,45,1,56,0,0,15,1,0,4,7,0
103947,pure-hunting,3,4,8,3,4,3,0,55,0,0,COLLAPSE,NONE,0,0,0,522,0,4,10,37,0.000,16880,18750,0,522,0,1,56,0,0,11,0,0,4,7,0
103947,pure-elements,3,4,3,8,4,3,1,57,0,0,COLLAPSE,AMBITIOUS,0,0,0,515,0,4,20,41,0.012,18178,20048,0,515,0,2,57,0,0,14,1,0,4,7,0
103947,pure-farming,3,4,3,4,8,3,98,2043,2043,6,ASCENSION,ZEALOT,552,44,326513,291435,246432,9,7897,106077,0.000,54103026,19542833,34235549,361025,69590,2814,826,593,25,2132,25,0,3,16,6
103947,pure-gathering,3,4,3,3,4,8,0,55,0,0,COLLAPSE,NONE,0,0,0,682,0,3,9,32,0.000,13720,15590,0,682,0,0,55,0,0,10,0,0,4,7,0
103947,farm+gathering,3,4,3,3,6,6,103,2055,2055,6,ASCENSION,AMBITIOUS,224,26,286732,298096,340627,2,103451,18540,0.000,55245610,26292161,28668586,322001,23905,2471,471,26,11,2699,26,0,3,17,6
103947,solo-speed,8,4,4,4,4,4,8,105,0,0,COLLAPSE,AMBITIOUS,25,1,0,2162,206,90,0,341,0.014,209080,210950,0,3892,1730,56,111,8,3,276,2,0,4,10,0
103947,solo-health,4,8,4,4,4,4,1,59,0,0,COLLAPSE,PASSIVE,0,0,0,719,0,7,90,62,0.022,25205,27075,0,769,50,5,60,0,0,25,1,0,4,10,0
103947,solo-hunting,4,4,8,4,4,4,1,57,0,0,COLLAPSE,PRAGMATIC,1,0,0,773,0,5,2,60,0.008,28013,29883,0,823,50,5,60,0,0,34,1,0,4,10,0
103947,solo-elements,4,4,4,8,4,4,1,55,0,0,COLLAPSE,ZEALOT,0,0,0,710,0,6,15,54,0.013,23674,25544,0,760,50,1,56,0,0,19,1,0,4,10,0
103947,solo-farming,4,4,4,4,8,4,107,2829,2829,6,ASCENSION,ZEALOT,267,81,396168,374646,327547,0,137646,60012,0.000,71189471,32715989,38079182,398906,24260,3541,767,1359,23,3479,27,0,4,20,6
103947,solo-gathering,4,4,4,4,4,8,1,55,0,0,COLLAPSE,PASSIVE,0,0,0,931,0,4,26,38,0.000,16788,18658,0,951,20,0,55,0,0,7,1,0,4,10,0
103947,duo-speed+health,8,8,3,3,3,3,1,55,0,0,COLLAPSE,AMBITIOUS,0,0,0,906,0,8,8,42,0.007,15578,17448,0,906,0,1,56,0,0,11,1,0,4,10,0
103947,duo-speed+hunting,8,3,8,3,3,3,31,57,0,0,CONQUEST,AMBITIOUS,0,4,94,14,0,7,2256,1217,0.004,98147,83240,16682,779,765,5,60,29,6,992,8,0,4,13,0
103947,duo-speed+elements,8,3,3,8,3,3,1,55,0,0,COLLAPSE,PRAGMATIC,0,0,0,765,0,6,27,39,0.003,17264,19134,0,765,0,2,57,0,0,10,1,0,4,10,0
103947,duo-speed+farming,8,3,3,3,8,3,93,1660,1660,6,ASCENSION,AMBITIOUS,219,16,302474,326565,273068,4,63662,35851,0.000,58449923,24537253,33612064,356610,30045,2056,451,57,12,3074,24,0,3,19,6
103947,duo-speed+gathering,8,3,3,3,3,8,0,57,0,0,COLLAPSE,NONE,0,0,0,1146,0,5,21,33,0.000,15291,17161,0,1146,0,2,57,0,0,6,0,0,4,10,0
103947,duo-health+hunting,3,8,8,3,3,3,0,55,0,0,COLLAPSE,NONE,0,0,0,462,0,4,13,36,0.000,13347,15217,0,462,0,1,56,0,0,11,0,0,4,10,0
103947,duo-health+elements,3,8,3,8,3,3,0,55,0,0,COLLAPSE,NONE,0,0,0,385,0,4,0,35,0.000,11986,13856,0,385,0,1,56,0,0,11,0,0,4,10,0
103947,duo-health+farming,3,8,3,3,8,3,96,2350,2350,6,ASCENSION,ZEALOT,294,93,350638,227113,230895,6,75312,41510,0.000,50996384,22433127,28214488,266583,39470,2989,694,445,58,2137,24,0,4,19,6
103947,duo-health+gathering,3,8,3,3,3,8,0,55,0,0,COLLAPSE,NONE,0,0,0,550,0,3,17,30,0.000,10326,12196,0,550,0,0,55,0,0,10,0,0,4,10,0
103947,duo-hunting+elements,3,3,8,8,3,3,0,55,0,0,COLLAPSE,NONE,0,0,0,381,0,3,12,34,0.000,13840,15710,0,381,0,1,56,0,0,10,0,0,4,10,0
103947,duo-hunting+farming,3,3,8,3,8,3,122,2867,2867,6,ASCENSION,PASSIVE,275,69,388650,388707,377406,7,123209,42867,0.000,65719909,28019384,37313745,413457,24750,4064,1252,523,25,2266,31,1,3,22,6
103947,duo-hunting+gathering,3,3,8,3,3,8,0,55,0,0,COLLAPSE,NONE,0,0,0,530,0,2,7,27,0.000,11639,13509,0,530,0,0,55,0,0,4,0,0,4,10,0
103947,duo-elements+farming,3,3,3,8,8,3,124,3360,3360,6,ASCENSION,ZEALOT,216,125,604831,491904,453084,2,63451,76797,0.000,97347098,42341071,54403065,526309,34405,4422,1117,2090,35,3231,31,0,4,22,6
103947,duo-elements+gathering,3,3,3,8,3,8,0,55,0,0,COLLAPSE,NONE,0,0,0,410,0,2,6,23,0.000,8767,10637,0,410,0,0,55,0,0,4,0,0,4,10,0
103947,duo-farming+gathering,3,3,3,3,8,8,120,2124,2124,6,ASCENSION,AMBITIOUS,244,60,362650,445730,373826,1,21630,58321,0.000,59261874,26491681,32409412,475875,30145,2970,901,1422,42,2451,30,0,3,22,6
111866,naive-even,5,5,5,5,4,4,1,58,0,0,COLLAPSE,ZEALOT,2,0,0,297,591,8,1,62,0.007,29090,30960,0,457,160,3,58,0,0,43,1,0,4,10,0
111866,farmer,3,4,3,4,8,3,107,2934,2934,6,ASCENSION,PASSIVE,516,16,459133,339013,326830,3,55131,143493,0.000,78478851,31388173,46633413,409358,70345,3772,893,77,39,1521,27,1,2,17,6
111866,farm+elements,3,4,3,6,6,3,91,3373,3373,6,ASCENSION,ZEALOT,398,6,483963,390809,397209,1,69721,107620,0.000,75106387,36844945,37779348,448569,57760,3947,629,0,8,2754,23,0,3,16,6
111866,hardy,3,8,3,5,4,3,1,58,0,0,COLLAPSE,AMBITIOUS,0,0,0,652,0,6,3,53,0.013,21219,23089,0,697,45,3,58,0,0,25,1,0,4,8,0
111866,swift,8,4,3,3,5,3,123,4242,4242,6,ASCENSION,ZEALOT,263,117,736075,434127,478230,4,2830020,107414,0.000,53184370,29867032,22583132,470422,36295,5356,1169,103,28,1796,31,1,3,20,6
111866,hunter,5,4,8,3,3,3,0,55,0,0,COLLAPSE,NONE,0,0,0,470,0,4,13,36,0.000,15661,17531,0,470,0,1,56,0,0,14,0,0,4,8,0
111866,warlike,4,3,7,3,6,3,97,1835,1835,6,ASCENSION,PASSIVE,292,35,262365,225508,202533,6,55686,58739,0.000,42848877,20825443,21762938,265958,40450,2398,618,122,20,2211,25,0,3,17,6
111866,scholar-ish,7,5,3,3,5,3,106,3391,3391,6,ASCENSION,PRAGMATIC,400,19,458120,485714,472969,0,174377,95128,0.000,59357856,34576522,24325084,534789,49075,4122,786,30,16,2536,27,0,3,18,6
111866,weathered,3,4,3,8,5,3,6,78,0,0,COLLAPSE,PASSIVE,14,2,0,4,829,15,0,251,0.000,127240,128598,511,1099,1095,28,83,2,13,128,2,0,4,8,0
111866,bad,8,3,3,3,1,3,0,55,0,0,COLLAPSE,NONE,0,0,0,204,0,2,8,18,0.000,6774,8644,0,204,0,0,55,0,0,3,0,0,4,3,0
111866,pure-speed,8,4,3,3,4,3,1,59,0,0,COLLAPSE,ZEALOT,2,0,0,246,412,9,174,66,0.024,32447,34317,0,436,190,5,60,0,0,36,1,0,4,7,0
111866,pure-health,3,8,3,4,4,3,1,57,0,0,COLLAPSE,ZEALOT,0,0,0,505,72,6,19,42,0.017,16228,18098,0,545,40,4,59,0,0,17,1,0,4,7,0
111866,pure-hunting,3,4,8,3,4,3,2,55,0,0,COLLAPSE,ZEALOT,0,0,0,504,0,4,12,86,0.005,18981,20851,0,569,65,0,55,0,0,61,1,0,4,7,0
111866,pure-elements,3,4,3,8,4,3,1,56,0,0,COLLAPSE,AMBITIOUS,0,0,0,536,0,4,7,46,0.009,20503,22373,0,561,25,1,56,0,0,17,1,0,4,7,0
111866,pure-farming,3,4,3,4,8,3,107,2934,2934,6,ASCENSION,PASSIVE,516,16,459133,339013,326830,3,55131,143493,0.000,78478851,31388173,46633413,409358,70345,3772,893,77,39,1521,27,1,2,17,6
111866,pure-gathering,3,4,3,3,4,8,0,55,0,0,COLLAPSE,NONE,0,0,0,746,0,3,10,34,0.000,14865,16735,0,746,0,0,55,0,0,13,0,0,4,7,0
111866,farm+gathering,3,4,3,3,6,6,88,2334,2334,6,ASCENSION,PRAGMATIC,404,42,334647,322093,346243,10,47490,99171,0.000,47928246,18477706,29117761,379463,57370,2807,528,16,14,969,22,0,3,15,6
111866,solo-speed,8,4,4,4,4,4,42,127,0,0,COLLAPSE,PRAGMATIC,10,5,254,8,1147,104,4173,1747,0.007,309510,294376,16749,3483,3475,80,135,6,6,628,11,0,4,14,0
111866,solo-health,4,8,4,4,4,4,1,60,0,0,COLLAPSE,PASSIVE,1,0,0,200,441,10,23,62,0.031,25676,27546,0,380,180,6,61,0,0,31,1,0,4,10,0
111866,solo-hunting,4,4,8,4,4,4,9,121,0,0,COLLAPSE,ZEALOT,61,2,0,352,1199,58,533,401,0.010,248695,250222,342,2457,2105,73,128,5,14,99,3,0,3,10,0
111866,solo-elements,4,4,4,8,4,4,3,56,0,0,COLLAPSE,ZEALOT,0,0,0,26,318,5,58,116,0.010,26570,28440,0,441,415,1,56,0,2,100,1,0,4,10,0
111866,solo-farming,4,4,4,4,8,4,125,5239,5238,6,ASCENSION,ZEALOT,274,63,782050,436578,491140,0,12340494,118427,0.000,71837685,34171271,36886232,481178,44600,6627,1444,244,19,2245,32,0,3,22,6
111866,solo-gathering,4,4,4,4,4,8,1,56,0,0,COLLAPSE,PASSIVE,0,0,0,759,0,4,16,39,0.008,18174,20044,0,809,50,1,56,0,0,18,1,0,4,10,0
111866,duo-speed+health,8,8,3,3,3,3,38,55,0,0,COLLAPSE,ZEALOT,0,2,430,6,151,9,4965,1492,0.000,46774,42835,5378,521,515,0,55,0,8,412,10,2,3,13,0
111866,duo-speed+hunting,8,3,8,3,3,3,1,59,0,0,COLLAPSE,ZEALOT,0,0,0,348,316,7,19,41,0.014,19638,21508,0,403,55,4,59,0,0,23,1,0,4,10,0
111866,duo-speed+elements,8,3,3,8,3,3,1,56,0,0,COLLAPSE,AMBITIOUS,0,0,0,349,264,6,15,40,0.015,18484,20354,0,404,55,1,56,0,0,22,1,0,4,10,0
111866,duo-speed+farming,8,3,3,3,8,3,103,2847,2847,6,ASCENSION,PASSIVE,343,10,483424,479366,477232,3,152568,89803,0.000,101768806,40986431,60300820,522201,42835,3535,743,21,7,3042,26,0,3,20,6
111866,duo-speed+gathering,8,3,3,3,3,8,0,55,0,0,COLLAPSE,NONE,0,0,0,944,0,5,21,34,0.000,15564,17434,0,944,0,0,55,0,0,17,0,0,4,10,0
111866,duo-health+hunting,3,8,8,3,3,3,0,55,0,0,COLLAPSE,NONE,0,0,0,502,0,4,12,35,0.000,13116,14986,0,502,0,0,55,0,0,13,0,0,4,10,0
111866,duo-health+elements,3,8,3,8,3,3,0,55,0,0,COLLAPSE,NONE,0,0,0,437,0,3,2,35,0.000,12014,13884,0,437,0,0,55,0,0,13,0,0,4,10,0
111866,duo-health+farming,3,8,3,3,8,3,85,1928,1928,6,ASCENSION,PASSIVE,520,32,274313,173916,173488,6,83018,81932,0.000,40994367,16845763,23876160,247456,73540,2400,527,185,15,645,22,0,2,18,6
111866,duo-health+gathering,3,8,3,3,3,8,0,55,0,0,COLLAPSE,NONE,0,0,0,632,0,3,13,30,0.000,10219,12089,0,632,0,0,55,0,0,13,0,0,4,10,0
111866,duo-hunting+elements,3,3,8,8,3,3,0,55,0,0,COLLAPSE,NONE,0,0,0,426,0,3,10,35,0.000,15781,17651,0,426,0,0,55,0,0,12,0,0,4,10,0
111866,duo-hunting+farming,3,3,8,3,8,3,126,3302,3302,6,ASCENSION,AMBITIOUS,220,68,514374,362294,377715,0,121888,69616,0.000,78753887,28404369,49837013,394344,32050,4401,1154,248,41,2259,32,0,3,22,6
111866,duo-hunting+gathering,3,3,8,3,3,8,0,55,0,0,COLLAPSE,NONE,0,0,0,624,0,2,11,31,0.000,13756,15626,0,624,0,0,55,0,0,12,0,0,4,10,0
111866,duo-elements+farming,3,3,3,8,8,3,104,2977,2977,6,ASCENSION,AMBITIOUS,428,55,471198,273786,287828,6,123953,97751,0.000,61766383,28819402,32477651,333886,60100,3477,555,153,25,1587,26,0,3,20,6
111866,duo-elements+gathering,3,3,3,8,3,8,0,55,0,0,COLLAPSE,NONE,0,0,0,453,0,2,2,25,0.000,10058,11928,0,453,0,0,55,0,0,7,0,0,4,10,0
111866,duo-farming+gathering,3,3,3,3,8,8,97,2607,2607,6,ASCENSION,PASSIVE,593,1,433508,544573,552011,10,124546,157994,0.000,77651648,33616226,43603784,631553,86980,3304,752,0,8,1754,25,0,2,19,6
119785,naive-even,5,5,5,5,4,4,1,60,0,0,COLLAPSE,ZEALOT,1,0,0,266,286,8,23,57,0.014,26144,28014,0,426,160,5,60,0,0,17,1,0,4,10,0
119785,farmer,3,4,3,4,8,3,88,2354,2354,6,ASCENSION,PASSIVE,405,60,386919,263482,297657,1,815693,62530,0.000,62992677,21745291,40862336,321047,57565,2855,556,284,18,1145,22,0,3,15,6
119785,farm+elements,3,4,3,6,6,3,115,5911,5911,6,ASCENSION,AMBITIOUS,331,103,745712,519082,493473,2,199199,127043,0.000,96624454,44803271,51077341,564337,45255,7377,1521,1051,34,1802,29,1,3,18,6
119785,hardy,3,8,3,5,4,3,1,56,0,0,COLLAPSE,AMBITIOUS,0,0,0,308,141,6,10,47,0.007,18640,20510,0,418,110,1,56,0,0,19,1,0,4,8,0
119785,swift,8,4,3,3,5,3,119,2801,2801,6,ASCENSION,AMBITIOUS,267,97,314756,395738,339312,10,2391027,62846,0.000,58061609,25530087,32218636,428613,32875,4385,1639,1143,54,3195,30,0,4,19,6
119785,hunter,5,4,8,3,3,3,0,55,0,0,COLLAPSE,NONE,0,0,0,313,98,4,28,34,0.000,14766,16636,0,313,0,0,55,0,0,4,0,0,4,8,0
119785,warlike,4,3,7,3,6,3,103,2350,2349,6,ASCENSION,PASSIVE,337,68,328856,230107,224946,8,3291251,44883,0.000,41812427,20033525,21451915,264707,34600,3166,872,647,29,2621,26,1,3,18,6
119785,scholar-ish,7,5,3,3,5,3,10,98,0,0,COLLAPSE,PASSIVE,22,0,0,1276,2,184,0,436,0.006,185731,168297,19304,3126,1850,45,100,0,1,397,3,0,4,9,0
119785,weathered,3,4,3,8,5,3,6,65,0,0,COLLAPSE,ZEALOT,5,0,0,14,4,17,0,246,0.003,54488,56358,0,609,595,10,65,1,6,197,2,0,4,8,0
119785,bad,8,3,3,3,1,3,0,55,0,0,COLLAPSE,NONE,0,0,0,113,61,2,6,17,0.000,6179,8049,0,113,0,0,55,0,0,0,0,0,4,3,0
119785,pure-speed,8,4,3,3,4,3,1,55,0,0,COLLAPSE,ZEALOT,2,0,0,464,114,8,152,67,0.007,31241,33111,0,699,235,3,58,0,0,26,1,0,4,7,0
119785,pure-health,3,8,3,4,4,3,53,57,0,0,CONQUEST,PASSIVE,0,18,62,2,182,5,3007,2039,0.037,99405,88460,12753,312,310,2,57,25,8,1463,14,0,4,12,0
119785,pure-hunting,3,4,8,3,4,3,0,55,0,0,COLLAPSE,NONE,0,0,0,234,158,4,27,37,0.000,16746,18616,0,234,0,1,56,0,0,4,0,0,4,7,0
119785,pure-elements,3,4,3,8,4,3,1,56,0,0,COLLAPSE,PASSIVE,0,0,0,187,134,4,13,40,0.000,17662,19532,0,242,55,1,56,0,0,7,1,0,4,7,0
119785,pure-farming,3,4,3,4,8,3,88,2354,2354,6,ASCENSION,PASSIVE,405,60,386919,263482,297657,1,815693,62530,0.000,62992677,21745291,40862336,321047,57565,2855,556,284,18,1145,22,0,3,15,6
119785,pure-gathering,3,4,3,3,4,8,0,55,0,0,COLLAPSE,NONE,0,0,0,340,166,3,4,32,0.000,14009,15879,0,340,0,0,55,0,0,4,0,0,4,7,0
119785,farm+gathering,3,4,3,3,6,6,86,1776,1776,6,ASCENSION,AMBITIOUS,225,9,251312,215391,196754,9,42470,16224,0.000,38343306,19699228,18394635,243686,28295,2066,345,28,6,3662,22,0,4,15,6
119785,solo-speed,8,4,4,4,4,4,98,3082,3082,6,ASCENSION,ZEALOT,362,81,364174,424585,296294,1,3222083,77499,0.000,36496383,20420528,15713550,466990,42405,3966,939,341,45,2984,25,0,4,19,6
119785,solo-health,4,8,4,4,4,4,3,58,0,0,COLLAPSE,AMBITIOUS,1,1,0,9,38,7,62,118,0.011,23569,25439,0,509,500,3,58,0,2,62,1,0,4,10,0
119785,solo-hunting,4,4,8,4,4,4,1,57,0,0,COLLAPSE,PASSIVE,0,0,0,269,134,6,22,55,0.013,26212,28082,0,384,115,4,59,0,0,16,1,0,4,10,0
119785,solo-elements,4,4,4,8,4,4,1,57,0,0,COLLAPSE,ZEALOT,0,0,0,306,101,5,16,51,0.018,22503,24373,0,411,105,2,57,0,0,16,1,0,4,10,0
119785,solo-farming,4,4,4,4,8,4,107,3779,3779,6,ASCENSION,ZEALOT,312,75,462919,304481,310917,1,727659,58330,0.000,50846635,24386924,25998660,343556,39075,4747,1023,397,19,2570,27,0,3,20,6
119785,solo-gathering,4,4,4,4,4,8,1,55,0,0,COLLAPSE,PASSIVE,0,0,0,477,205,4,26,38,0.000,17478,19348,0,537,60,0,55,0,0,8,1,0,4,10,0
119785,duo-speed+health,8,8,3,3,3,3,1,55,0,0,COLLAPSE,AMBITIOUS,0,0,0,461,194,8,49,38,0.005,14866,16736,0,511,50,0,55,0,0,6,1,0,4,10,0
119785,duo-speed+hunting,8,3,8,3,3,3,1,55,0,0,COLLAPSE,AMBITIOUS,0,0,0,353,170,7,22,41,0.017,19709,21579,0,408,55,0,55,0,0,9,1,0,4,10,0
119785,duo-speed+elements,8,3,3,8,3,3,1,55,0,0,COLLAPSE,PASSIVE,0,0,0,327,131,7,4,41,0.014,18701,20571,0,382,55,0,55,0,0,9,1,0,4,10,0
119785,duo-speed+farming,8,3,3,3,8,3,111,2910,2909,6,ASCENSION,PASSIVE,303,133,419841,348002,348016,3,2620045,79659,0.000,67736374,23985069,43333334,394662,46660,4121,1267,616,64,1217,28,0,4,21,6
119785,duo-speed+gathering,8,3,3,3,3,8,0,55,0,0,COLLAPSE,NONE,0,0,0,531,217,5,26,33,0.000,15006,16876,0,531,0,0,55,0,0,4,0,0,4,10,0
119785,duo-health+hunting,3,8,8,3,3,3,0,55,0,0,COLLAPSE,NONE,0,0,0,255,174,4,21,34,0.000,12294,14164,0,255,0,0,55,0,0,4,0,0,4,10,0
119785,duo-health+elements,3,8,3,8,3,3,0,55,0,0,COLLAPSE,NONE,0,0,0,227,168,3,12,31,0.000,10757,12627,0,227,0,0,55,0,0,4,0,0,4,10,0
119785,duo-health+farming,3,8,3,3,8,3,90,3355,3355,6,ASCENSION,ZEALOT,319,54,580100,335876,322546,1,53805,61144,0.000,87547645,34389932,52579483,368501,32625,3856,556,47,15,3241,23,0,3,19,6
119785,duo-health+gathering,3,8,3,3,3,8,0,55,0,0,COLLAPSE,NONE,0,0,0,350,191,3,7,27,0.000,9369,11239,0,350,0,0,55,0,0,4,0,0,4,10,0
119785,duo-hunting+elements,3,3,8,8,3,3,0,55,0,0,COLLAPSE,NONE,0,0,0,162,96,3,3,30,0.000,12980,14850,0,162,0,0,55,0,0,4,0,0,4,10,0
119785,duo-hunting+farming,3,3,8,3,8,3,130,3394,3394,6,ASCENSION,AMBITIOUS,196,149,435720,374172,383132,7,309493,68797,0.000,78918037,31397198,47086989,403542,29370,4969,1630,2984,55,2715,33,0,4,23,6
119785,duo-hunting+gathering,3,3,8,3,3,8,0,55,0,0,COLLAPSE,NONE,0,0,0,251,141,2,0,27,0.000,11688,13558,0,251,0,0,55,0,0,4,0,0,4,10,0
119785,duo-elements+farming,3,3,3,8,8,3,87,2753,2753,6,ASCENSION,PASSIVE,293,88,421488,270334,300049,0,1506647,37137,0.000,68943000,26188879,42334502,306989,36655,3193,495,242,30,2038,22,0,4,18,6
119785,duo-elements+gathering,3,3,3,8,3,8,0,55,0,0,COLLAPSE,NONE,0,0,0,162,148,2,7,22,0.000,8686,10556,0,162,0,0,55,0,0,3,0,0,4,10,0
119785,duo-farming+gathering,3,3,3,3,8,8,107,3453,3453,6,ASCENSION,AMBITIOUS,302,141,391030,427731,419860,9,2087198,79584,0.000,58612348,25728129,32495058,461131,33400,4647,1249,504,54,1415,27,0,4,20,6
127704,naive-even,5,5,5,5,4,4,13,135,0,1,COLLAPSE,ZEALOT,13,6,0,0,1317,175,0,536,0.029,366399,366139,2130,3835,3835,95,150,16,10,172,4,0,3,11,1
127704,farmer,3,4,3,4,8,3,123,3520,3520,6,ASCENSION,ZEALOT,304,36,598346,454001,448843,12,1226926,105647,0.000,91925766,37717554,53611736,491701,37700,4625,1160,183,28,1167,31,0,2,19,6
127704,farm+elements,3,4,3,6,6,3,91,2785,2768,6,ASCENSION,PRAGMATIC,328,61,279259,287785,240316,4,1424439,71420,0.000,47787599,22553175,24957034,333075,45290,3383,670,154,31,1106,23,0,3,16,6
127704,hardy,3,8,3,5,4,3,114,5070,5070,6,ASCENSION,ZEALOT,367,88,682127,445553,446162,0,100939,140063,0.000,58385394,36608908,21096228,496958,51405,6317,1302,1268,35,1113,29,0,3,19,6
127704,swift,8,4,3,3,5,3,3,74,0,0,COLLAPSE,ZEALOT,1,0,0,176,693,43,0,120,0.034,65252,66082,1040,651,475,20,75,0,1,62,1,0,3,8,0
127704,hunter,5,4,8,3,3,3,0,55,0,0,COLLAPSE,NONE,0,0,0,210,82,6,49,36,0.000,16795,18665,0,210,0,0,55,0,0,0,0,0,4,8,0
127704,warlike,4,3,7,3,6,3,132,5537,5537,6,ASCENSION,AMBITIOUS,252,71,871075,838686,835778,4,288094,92563,0.000,140622741,60308487,79445047,874516,35830,6805,1323,1216,42,2274,33,0,3,21,6
127704,scholar-ish,7,5,3,3,5,3,102,3311,3311,6,ASCENSION,ZEALOT,397,73,375364,525552,482425,1,99855,115660,0.000,49205287,28134176,20697616,579852,54300,4045,789,389,18,1163,26,0,3,18,6
127704,weathered,3,4,3,8,5,3,3,71,0,0,COLLAPSE,PRAGMATIC,9,0,0,23,68,11,338,124,0.012,61703,63573,0,403,380,18,73,0,0,25,1,0,3,8,0
127704,bad,8,3,3,3,1,3,0,55,0,0,COLLAPSE,NONE,0,0,0,44,56,2,9,20,0.000,7809,9679,0,44,0,0,55,0,0,0,0,0,4,3,0
127704,pure-speed,8,4,3,3,4,3,134,4344,4344,6,ASCENSION,PRAGMATIC,352,125,461951,538230,539930,7,3215506,193149,0.000,59421606,35590679,23370845,579570,41340,6562,2273,2308,40,878,34,0,3,20,6
127704,pure-health,3,8,3,4,4,3,1,61,0,0,COLLAPSE,PASSIVE,0,0,0,90,63,7,45,59,0.022,24046,25916,0,260,170,7,62,0,6,10,1,0,3,7,0
127704,pure-hunting,3,4,8,3,4,3,6,73,0,0,COLLAPSE,AMBITIOUS,8,0,0,19,92,32,231,245,0.000,105138,107008,0,284,265,27,82,3,1,112,2,0,3,7,0
127704,pure-elements,3,4,3,8,4,3,1,56,0,0,COLLAPSE,ZEALOT,0,0,0,92,89,6,37,47,0.016,21084,22954,0,142,50,1,56,0,0,2,1,0,3,7,0
127704,pure-farming,3,4,3,4,8,3,123,3520,3520,6,ASCENSION,ZEALOT,304,36,598346,454001,448843,12,1226926,105647,0.000,91925766,37717554,53611736,491701,37700,4625,1160,183,28,1167,31,0,2,19,6
127704,pure-gathering,3,4,3,3,4,8,0,55,0,0,COLLAPSE,NONE,0,0,0,198,121,4,24,34,0.000,15338,17208,0,198,0,0,55,0,0,0,0,0,4,7,0
127704,farm+gathering,3,4,3,3,6,6,95,1830,1830,6,ASCENSION,AMBITIOUS,310,58,265103,290499,272400,1,22803,65474,0.000,45159453,19483950,25412269,333854,43355,2295,520,365,29,1205,24,0,3,16,6
127704,solo-speed,8,4,4,4,4,4,95,2795,2770,6,ASCENSION,ZEALOT,343,52,292000,404760,393397,1,1219534,72851,0.000,41477484,24487388,16699964,451045,46285,3715,1000,834,37,1701,24,0,3,19,6
127704,solo-health,4,8,4,4,4,4,13,154,0,0,COLLAPSE,ZEALOT,71,2,0,1334,1020,195,0,571,0.015,328650,330520,0,4004,2670,106,161,1,4,268,4,0,3,11,0
127704,solo-hunting,4,4,8,4,4,4,121,3252,3252,6,ASCENSION,PRAGMATIC,360,93,370829,541779,572397,1,163509,112965,0.000,76163046,38153103,37640983,591284,49505,4792,1595,1502,24,1378,31,0,3,22,6
127704,solo-elements,4,4,4,8,4,4,1,58,0,0,COLLAPSE,AMBITIOUS,1,0,0,175,129,7,8,57,0.013,26280,28150,0,365,190,3,58,0,0,15,1,0,3,10,0
127704,solo-farming,4,4,4,4,8,4,99,2454,2454,6,ASCENSION,AMBITIOUS,381,56,403391,299247,256251,0,167381,65439,0.000,65591043,25585899,39603622,347747,48500,2945,546,115,23,1349,25,0,3,19,6
127704,solo-gathering,4,4,4,4,4,8,1,56,0,0,COLLAPSE,PASSIVE,1,0,0,447,286,6,17,55,0.012,25627,27497,0,557,110,3,58,0,0,10,1,0,3,10,0
127704,duo-speed+health,8,8,3,3,3,3,2,63,0,0,COLLAPSE,PASSIVE,8,0,0,118,305,13,8,86,0.005,37920,39790,0,408,290,10,65,0,0,23,1,0,3,10,0
127704,duo-speed+hunting,8,3,8,3,3,3,105,2565,2565,6,ASCENSION,AMBITIOUS,358,72,272390,452821,380157,0,75742,72068,0.000,47231538,24887952,22073066,493461,40640,3327,817,471,19,1373,27,0,3,20,6
127704,duo-speed+elements,8,3,3,8,3,3,97,3658,3658,6,ASCENSION,AMBITIOUS,425,64,500251,554707,501678,4,7640,85863,0.000,57703004,32279152,24925470,604582,49875,4311,708,596,18,1230,25,0,3,19,6
127704,duo-speed+farming,8,3,3,3,8,3,97,1559,1558,6,ASCENSION,PRAGMATIC,316,66,226691,233057,240021,1,375762,66428,0.000,45618263,16074679,29318762,279302,46245,2162,659,433,30,876,25,0,3,19,6
127704,duo-speed+gathering,8,3,3,3,3,8,0,55,0,0,COLLAPSE,NONE,0,0,0,221,282,6,56,34,0.000,15804,17674,0,221,0,0,55,0,0,0,0,0,4,10,0
127704,duo-health+hunting,3,8,8,3,3,3,132,1578,1578,6,ASCENSION,PRAGMATIC,216,71,176019,212961,185214,2,98663,18477,0.000,32597896,15225187,17198559,233216,20255,1857,334,756,30,1878,33,0,3,23,6
127704,duo-health+elements,3,8,3,8,3,3,1,57,0,0,COLLAPSE,NONE,0,0,0,190,41,5,34,38,0.000,13242,15112,0,190,0,2,57,0,0,2,0,0,4,10,0
127704,duo-health+farming,3,8,3,3,8,3,102,5859,5859,6,ASCENSION,AMBITIOUS,426,61,807015,516534,444552,23,162597,152176,0.000,106534492,42203396,63525951,563399,46865,7044,1240,295,28,1546,26,0,3,20,6
127704,duo-health+gathering,3,8,3,3,3,8,0,56,0,0,COLLAPSE,NONE,0,0,0,317,45,4,28,33,0.000,11590,13460,0,317,0,1,56,0,0,0,0,0,4,10,0
127704,duo-hunting+elements,3,3,8,8,3,3,1,55,0,0,COLLAPSE,PASSIVE,0,0,0,82,74,4,33,40,0.012,18299,20169,0,132,50,0,55,0,0,2,1,0,4,10,0
127704,duo-hunting+farming,3,3,8,3,8,3,102,2741,2741,6,ASCENSION,PASSIVE,405,84,297730,290011,262966,4,2895427,80347,0.000,59317976,23180510,35841605,339271,49260,3599,913,336,33,1144,26,0,3,20,6
127704,duo-hunting+gathering,3,3,8,3,3,8,0,55,0,0,COLLAPSE,NONE,0,0,0,187,110,3,22,32,0.000,14734,16604,0,187,0,0,55,0,0,0,0,0,4,10,0
127704,duo-elements+farming,3,3,3,8,8,3,97,3046,3046,6,ASCENSION,PASSIVE,357,57,427872,247261,253071,0,1955178,108227,0.000,55660109,22962888,32271218,292846,45585,3803,812,772,48,1382,25,0,3,19,6
127704,duo-elements+gathering,3,3,3,8,3,8,0,55,0,0,COLLAPSE,NONE,0,0,0,139,50,2,9,26,0.000,10676,12546,0,139,0,0,55,0,0,0,0,0,4,10,0
127704,duo-farming+gathering,3,3,3,3,8,8,112,3502,3502,6,ASCENSION,AMBITIOUS,277,73,455780,497186,455981,1,30796,94213,0.000,66715708,30602421,35659376,536186,39000,4730,1283,1296,44,1576,28,0,3,21,6
135623,naive-even,5,5,5,5,4,4,1,60,0,0,COLLAPSE,ZEALOT,1,0,0,18,745,9,30,59,0.032,26367,28237,0,128,110,7,62,0,0,19,1,0,4,10,0
135623,farmer,3,4,3,4,8,3,99,2844,2844,6,ASCENSION,PASSIVE,485,3,453535,328533,337120,15,76596,97186,0.000,74507277,30351945,43703666,387263,58730,3498,709,0,2,1556,25,0,2,16,6
135623,farm+elements,3,4,3,6,6,3,100,3544,3544,6,ASCENSION,PASSIVE,289,12,506246,416047,401270,2,193793,53481,0.000,79268238,37249243,41514618,448907,32860,4233,744,4,12,2450,25,0,3,17,6
135623,hardy,3,8,3,5,4,3,2,58,0,0,COLLAPSE,PRAGMATIC,0,0,0,0,576,6,38,103,0.005,19798,21668,0,0,0,4,59,0,0,29,1,0,4,8,0
135623,swift,8,4,3,3,5,3,109,3096,3095,6,ASCENSION,ZEALOT,437,54,299351,262718,292844,0,2292151,89919,0.000,49614197,21521975,27794740,319538,56820,4093,1053,197,11,1761,28,0,3,18,6
135623,hunter,5,4,8,3,3,3,0,55,0,0,COLLAPSE,NONE,0,0,0,0,374,4,1,33,0.000,14461,16331,0,0,0,0,55,0,0,5,0,0,4,8,0
135623,warlike,4,3,7,3,6,3,102,2578,2578,6,ASCENSION,PRAGMATIC,383,1,384498,342309,329902,9,176323,83472,0.000,59953798,27012425,32558745,393949,51640,3213,690,24,1,1603,26,0,2,18,6
135623,scholar-ish,7,5,3,3,5,3,20,65,0,0,COLLAPSE,PASSIVE,0,0,459,0,1173,19,473,801,0.000,88981,81672,8719,20,20,12,67,0,0,409,5,0,3,10,0
135623,weathered,3,4,3,8,5,3,2,65,0,0,COLLAPSE,ZEALOT,0,0,0,0,776,9,1,110,0.014,54404,56274,0,0,0,10,65,0,0,29,1,0,4,8,0
135623,bad,8,3,3,3,1,3,0,55,0,0,COLLAPSE,NONE,0,0,0,0,190,2,7,16,0.000,5872,7742,0,0,0,0,55,0,0,0,0,0,4,3,0
135623,pure-speed,8,4,3,3,4,3,3,64,0,0,COLLAPSE,AMBITIOUS,0,0,0,19,1114,12,0,117,0.032,61194,63064,0,124,105,14,69,0,0,37,1,0,4,7,0
135623,pure-health,3,8,3,4,4,3,2,58,0,0,COLLAPSE,PRAGMATIC,0,0,0,0,515,5,53,87,0.009,15500,17370,0,0,0,4,59,0,0,29,1,0,4,7,0
135623,pure-hunting,3,4,8,3,4,3,0,56,0,0,COLLAPSE,NONE,0,0,0,0,409,4,33,36,0.000,16388,18258,0,0,0,1,56,0,0,0,0,0,4,7,0
135623,pure-elements,3,4,3,8,4,3,1,56,0,0,COLLAPSE,AMBITIOUS,0,0,0,0,400,4,17,39,0.005,16737,18607,0,0,0,1,56,0,0,0,1,0,4,7,0
135623,pure-farming,3,4,3,4,8,3,99,2844,2844,6,ASCENSION,PASSIVE,485,3,453535,328533,337120,15,76596,97186,0.000,74507277,30351945,43703666,387263,58730,3498,709,0,2,1556,25,0,2,16,6
135623,pure-gathering,3,4,3,3,4,8,0,56,0,0,COLLAPSE,NONE,0,0,0,0,538,3,3,32,0.000,13346,15216,0,0,0,1,56,0,0,4,0,0,4,7,0
135623,farm+gathering,3,4,3,3,6,6,91,2479,2479,6,ASCENSION,AMBITIOUS,463,0,382902,318510,310897,13,51008,79688,0.000,54070325,22947123,30742169,380910,62400,2929,505,0,3,1310,23,0,2,16,6
135623,solo-speed,8,4,4,4,4,4,88,2243,2243,6,ASCENSION,PRAGMATIC,273,4,269015,339571,376763,5,63773,57616,0.000,37198681,21950691,14980845,375421,35850,2648,460,28,7,2389,22,0,3,18,6
135623,solo-health,4,8,4,4,4,4,1,60,0,0,COLLAPSE,ZEALOT,1,0,0,10,668,7,56,57,0.008,23292,25162,0,135,125,6,61,0,0,13,1,0,4,10,0
135623,solo-hunting,4,4,8,4,4,4,1,55,0,0,COLLAPSE,PRAGMATIC,0,0,0,0,663,6,61,46,0.009,21531,23401,0,0,0,0,55,0,0,5,1,0,4,10,0
135623,solo-elements,4,4,4,8,4,4,1,55,0,0,COLLAPSE,PRAGMATIC,0,0,0,0,640,5,55,49,0.009,22211,24081,0,0,0,0,55,0,0,18,1,0,4,10,0
135623,solo-farming,4,4,4,4,8,4,108,2597,2597,6,ASCENSION,PASSIVE,247,67,306906,250613,293460,1,942386,68780,0.000,54666207,22968685,31392486,278418,27805,3381,839,270,23,1317,27,0,3,20,6
135623,solo-gathering,4,4,4,4,4,8,0,55,0,0,COLLAPSE,NONE,0,0,0,0,829,5,9,37,0.000,17023,18893,0,0,0,0,55,0,0,5,0,0,4,10,0
135623,duo-speed+health,8,8,3,3,3,3,0,55,0,0,COLLAPSE,NONE,0,0,0,0,669,8,26,36,0.000,13734,15604,0,0,0,0,55,0,0,4,0,0,4,10,0
135623,duo-speed+hunting,8,3,8,3,3,3,0,55,0,0,COLLAPSE,NONE,0,0,0,76,617,8,35,37,0.000,17669,19539,0,76,0,0,55,0,0,5,0,0,4,10,0
135623,duo-speed+elements,8,3,3,8,3,3,1,55,0,0,COLLAPSE,PRAGMATIC,0,0,0,0,588,6,19,38,0.000,16547,18417,0,0,0,0,55,0,0,6,1,0,4,10,0
135623,duo-speed+farming,8,3,3,3,8,3,118,3268,3268,6,ASCENSION,PASSIVE,253,68,487863,510795,474164,11,541660,68744,0.000,94757212,34319201,59952017,535815,25020,4474,1261,485,34,1706,30,0,3,21,6
135623,duo-speed+gathering,8,3,3,3,3,8,0,55,0,0,COLLAPSE,NONE,0,0,0,0,873,5,11,32,0.000,14424,16294,0,0,0,0,55,0,0,5,0,0,4,10,0
135623,duo-health+hunting,3,8,8,3,3,3,0,57,0,0,COLLAPSE,NONE,0,0,0,0,425,4,30,34,0.000,12503,14373,0,0,0,2,57,0,0,0,0,0,4,10,0
135623,duo-health+elements,3,8,3,8,3,3,0,56,0,0,COLLAPSE,NONE,0,0,0,0,356,3,20,33,0.000,11001,12871,0,0,0,2,57,0,0,0,0,0,4,10,0
135623,duo-health+farming,3,8,3,3,8,3,100,4919,4912,6,ASCENSION,AMBITIOUS,282,54,531065,362395,390228,4,2840154,84963,0.000,78650058,30596713,47524149,401660,39265,6259,1402,512,25,1439,25,0,3,20,6
135623,duo-health+gathering,3,8,3,3,3,8,0,55,0,0,COLLAPSE,NONE,0,0,0,0,534,3,16,28,0.000,9615,11485,0,0,0,0,55,0,0,0,0,0,4,10,0
135623,duo-hunting+elements,3,3,8,8,3,3,0,55,0,0,COLLAPSE,NONE,0,0,0,0,274,3,12,29,0.000,12159,14029,0,0,0,0,55,0,0,0,0,0,4,10,0
135623,duo-hunting+farming,3,3,8,3,8,3,100,3208,3208,6,ASCENSION,AMBITIOUS,284,9,583244,391064,404755,1,41601,48939,0.000,88773011,36970786,51220850,422214,31150,3849,696,28,6,2808,25,0,3,20,6
135623,duo-hunting+gathering,3,3,8,3,3,8,0,55,0,0,COLLAPSE,NONE,0,0,0,0,407,2,8,25,0.000,10732,12602,0,0,0,0,55,0,0,0,0,0,4,10,0
135623,duo-elements+farming,3,3,3,8,8,3,90,3000,3000,6,ASCENSION,AMBITIOUS,474,6,594030,277701,294081,2,32543,108453,0.000,72604839,27266750,44745927,338301,60600,3373,428,30,5,1460,23,0,2,19,6
135623,duo-elements+gathering,3,3,3,8,3,8,0,55,0,0,COLLAPSE,NONE,0,0,0,0,310,2,6,21,0.000,7958,9828,0,0,0,0,55,0,0,0,0,0,4,10,0
135623,duo-farming+gathering,3,3,3,3,8,8,101,4040,4040,6,ASCENSION,PRAGMATIC,364,74,446776,567380,560561,12,3859235,98531,0.000,71745667,29875744,41425016,610290,42910,5019,1034,65,28,1385,26,0,3,20,6
143542,naive-even,5,5,5,5,4,4,1,62,0,0,COLLAPSE,PASSIVE,1,0,0,125,599,7,5,58,0.013,26460,28330,0,285,160,9,64,0,0,26,1,0,4,10,0
143542,farmer,3,4,3,4,8,3,114,4010,3959,6,ASCENSION,PRAGMATIC,474,37,468021,689441,614165,1,1427456,180165,0.000,111909083,42448031,68994899,742751,53310,5287,1383,1082,36,907,29,0,2,18,6
143542,farm+elements,3,4,3,6,6,3,85,1958,1958,6,ASCENSION,ZEALOT,477,29,308259,213991,212604,2,632463,63583,0.000,43074016,20264336,22503291,261561,47570,2294,391,474,18,1931,22,0,3,15,6
143542,hardy,3,8,3,5,4,3,1,57,0,0,COLLAPSE,AMBITIOUS,0,0,0,45,363,6,85,50,0.022,19744,21614,0,150,105,2,57,0,0,17,1,0,4,8,0
143542,swift,8,4,3,3,5,3,3,72,0,0,COLLAPSE,AMBITIOUS,11,0,0,6,1358,61,0,118,0.014,63481,65155,195,351,345,17,72,0,0,35,1,0,4,8,0
143542,hunter,5,4,8,3,3,3,0,55,0,0,COLLAPSE,NONE,0,0,0,118,357,3,24,33,0.000,14573,16443,0,118,0,0,55,0,0,12,0,0,4,8,0
143542,warlike,4,3,7,3,6,3,106,3167,3167,6,ASCENSION,ZEALOT,483,1,478402,484663,530489,0,76319,144913,0.000,86818115,38084653,48256928,547678,63015,3881,769,2,2,2550,27,0,2,18,6
143542,scholar-ish,7,5,3,3,5,3,3,68,0,0,COLLAPSE,AMBITIOUS,14,0,0,6,1298,18,25,119,0.017,59632,61384,117,411,405,14,69,0,0,35,1,0,4,8,0
143542,weathered,3,4,3,8,5,3,2,67,0,0,COLLAPSE,AMBITIOUS,3,0,0,4,574,8,0,109,0.016,54483,56353,0,364,360,12,67,0,0,55,1,0,4,8,0
143542,bad,8,3,3,3,1,3,0,55,0,0,COLLAPSE,NONE,0,0,0,61,127,1,2,16,0.000,5623,7493,0,61,0,0,55,0,0,7,0,0,4,3,0
143542,pure-speed,8,4,3,3,4,3,1,57,0,0,COLLAPSE,AMBITIOUS,0,0,0,102,624,8,124,60,0.013,29219,31089,0,267,165,3,58,0,0,23,1,0,4,7,0
143542,pure-health,3,8,3,4,4,3,1,56,0,0,COLLAPSE,PASSIVE,0,0,0,68,328,5,41,40,0.013,15411,17281,0,128,60,1,56,0,0,11,1,0,4,7,0
143542,pure-hunting,3,4,8,3,4,3,0,55,0,0,COLLAPSE,NONE,0,0,0,57,442,4,30,38,0.000,17232,19102,0,57,0,0,55,0,0,12,0,0,4,7,0
143542,pure-elements,3,4,3,8,4,3,1,56,0,0,COLLAPSE,AMBITIOUS,0,0,0,11,403,3,14,42,0.005,18716,20586,0,66,55,1,56,0,0,14,1,0,4,7,0
143542,pure-farming,3,4,3,4,8,3,114,4010,3959,6,ASCENSION,PRAGMATIC,474,37,468021,689441,614165,1,1427456,180165,0.000,111909083,42448031,68994899,742751,53310,5287,1383,1082,36,907,29,0,2,18,6
143542,pure-gathering,3,4,3,3,4,8,0,55,0,0,COLLAPSE,NONE,0,0,0,87,561,3,4,33,0.000,14527,16397,0,87,0,0,55,0,0,12,0,0,4,7,0
143542,farm+gathering,3,4,3,3,6,6,100,3086,3086,6,ASCENSION,PRAGMATIC,486,35,367331,317450,333049,4,144990,93412,0.000,45929457,23662690,21901305,383120,65670,3660,629,29,16,815,25,0,2,17,6
143542,solo-speed,8,4,4,4,4,4,93,1855,1855,6,ASCENSION,AMBITIOUS,419,1,287226,338069,297877,3,38708,95491,0.000,34684006,18352448,16046201,396844,58775,2253,453,29,5,1231,24,0,2,19,6
143542,solo-health,4,8,4,4,4,4,72,57,0,0,COLLAPSE,PRAGMATIC,0,1,99,11,578,8,15097,2767,0.000,225208,171603,55375,251,240,7,62,0,0,1345,18,0,3,17,0
143542,solo-hunting,4,4,8,4,4,4,1,58,0,0,COLLAPSE,PASSIVE,1,0,0,141,463,5,49,52,0.018,24977,26847,0,246,105,3,58,0,0,15,1,0,4,10,0
143542,solo-elements,4,4,4,8,4,4,1,56,0,0,COLLAPSE,PASSIVE,0,0,0,63,518,6,37,50,0.018,22296,24166,0,178,115,1,56,0,0,15,1,0,4,10,0
143542,solo-farming,4,4,4,4,8,4,119,2972,2971,6,ASCENSION,AMBITIOUS,419,42,458373,417930,418723,12,48223,171360,0.000,74338216,30697160,43184552,481425,63495,4595,1679,681,16,766,30,0,2,21,6
143542,solo-gathering,4,4,4,4,4,8,0,55,0,0,COLLAPSE,NONE,0,0,0,221,668,3,31,38,0.000,17070,18940,0,221,0,1,56,0,0,10,0,0,4,10,0
143542,duo-speed+health,8,8,3,3,3,3,0,55,0,0,COLLAPSE,NONE,0,0,0,229,583,7,5,37,0.000,14153,16023,0,229,0,0,55,0,0,13,0,0,4,10,0
143542,duo-speed+hunting,8,3,8,3,3,3,0,56,0,0,COLLAPSE,NONE,0,0,0,224,448,6,48,37,0.000,17738,19608,0,224,0,1,56,0,0,11,0,0,4,10,0
143542,duo-speed+elements,8,3,3,8,3,3,0,55,0,0,COLLAPSE,NONE,0,0,0,162,445,5,35,37,0.000,16349,18219,0,162,0,1,56,0,0,11,0,0,4,10,0
143542,duo-speed+farming,8,3,3,3,8,3,104,1651,1651,6,ASCENSION,PASSIVE,358,0,304616,283508,253460,1,263493,104575,0.000,61489504,22543506,38643251,333108,49600,2076,480,0,7,1306,26,0,2,20,6
143542,duo-speed+gathering,8,3,3,3,3,8,0,55,0,0,COLLAPSE,NONE,0,0,0,346,570,4,27,32,0.000,14442,16312,0,346,0,0,55,0,0,11,0,0,4,10,0
143542,duo-health+hunting,3,8,8,3,3,3,0,56,0,0,COLLAPSE,NONE,0,0,0,108,265,4,23,35,0.000,12559,14429,0,108,0,1,56,0,0,12,0,0,4,10,0
143542,duo-health+elements,3,8,3,8,3,3,0,55,0,0,COLLAPSE,NONE,0,0,0,101,211,3,13,32,0.000,11028,12898,0,101,0,0,55,0,0,12,0,0,4,10,0
143542,duo-health+farming,3,8,3,3,8,3,117,2747,2746,6,ASCENSION,ZEALOT,349,103,337909,276503,263332,0,731403,89761,0.000,51251714,21563709,29351965,317008,40505,3573,882,870,33,1103,30,0,3,21,6
143542,duo-health+gathering,3,8,3,3,3,8,0,55,0,0,COLLAPSE,NONE,0,0,0,152,309,3,7,28,0.000,9711,11581,0,152,0,0,55,0,0,12,0,0,4,10,0
143542,duo-hunting+elements,3,3,8,8,3,3,0,55,0,0,COLLAPSE,NONE,0,0,0,49,297,2,4,33,0.000,14262,16132,0,49,0,0,55,0,0,12,0,0,4,10,0
143542,duo-hunting+farming,3,3,8,3,8,3,112,2697,2697,6,ASCENSION,AMBITIOUS,368,103,382084,261303,244863,3,349888,120234,0.000,43787572,23399094,20008262,316183,54880,3653,1011,493,30,907,28,0,3,21,6
143542,duo-hunting+gathering,3,3,8,3,3,8,0,55,0,0,COLLAPSE,NONE,0,0,0,74,433,2,5,29,0.000,12516,14386,0,74,0,0,55,0,0,10,0,0,4,10,0
143542,duo-elements+farming,3,3,3,8,8,3,120,5951,5951,6,ASCENSION,PASSIVE,416,71,1055002,560818,599252,0,31604,169106,0.000,119100205,56539906,61507166,619663,58845,6986,1090,346,22,1810,30,0,3,22,6
143542,duo-elements+gathering,3,3,3,8,3,8,0,55,0,0,COLLAPSE,NONE,0,0,0,59,316,1,2,23,0.000,9249,11119,0,59,0,0,55,0,0,7,0,0,4,10,0
143542,duo-farming+gathering,3,3,3,3,8,8,87,1771,1771,6,ASCENSION,ZEALOT,459,13,308416,344108,336899,4,14400,79748,0.000,48346078,20322014,27717517,407758,63650,2127,411,14,8,1119,22,0,2,18,6
151461,naive-even,5,5,5,5,4,4,41,79,0,0,CONQUEST,AMBITIOUS,0,3,743,17,1040,35,0,1596,0.625,206804,187482,20447,2337,2320,31,86,3,8,287,11,0,2,14,0
151461,farmer,3,4,3,4,8,3,101,2778,2778,6,ASCENSION,PASSIVE,576,41,471351,373289,374215,6,2126701,126193,0.000,75675750,27924828,47281441,448604,75315,3463,740,227,17,804,26,0,2,17,6
151461,farm+elements,3,4,3,6,6,3,115,3129,3127,6,ASCENSION,AMBITIOUS,707,1,481657,469377,482893,1,1811985,185172,0.000,68800673,21501933,46818952,557192,87815,3799,727,0,7,60,29,0,0,18,6
151461,hardy,3,8,3,5,4,3,1,61,0,0,COLLAPSE,AMBITIOUS,1,0,0,39,297,7,126,65,0.020,26928,28798,0,224,185,8,63,1,3,19,1,0,4,8,0
151461,swift,8,4,3,3,5,3,65,142,0,1,CONQUEST,ZEALOT,0,20,676,1,1447,548,597,2711,0.611,640825,551468,90550,5631,5630,110,165,27,18,319,17,0,2,14,1
151461,hunter,5,4,8,3,3,3,117,2856,2856,6,ASCENSION,AMBITIOUS,673,28,430123,390753,416373,4,1663003,184670,0.000,42715105,20411129,21875723,486008,95255,3572,771,262,14,83,30,0,1,19,6
151461,warlike,4,3,7,3,6,3,105,3653,3653,6,ASCENSION,AMBITIOUS,655,20,508589,449445,407820,14,2344289,114281,0.000,72715447,25168773,47039955,539500,90055,4506,908,209,16,173,27,0,1,18,6
151461,scholar-ish,7,5,3,3,5,3,6,116,0,0,COLLAPSE,PASSIVE,28,3,0,3,2323,96,392,273,0.014,175211,170689,6391,1118,1115,63,118,0,5,116,2,0,3,8,0
151461,weathered,3,4,3,8,5,3,104,3183,3182,6,ASCENSION,AMBITIOUS,580,22,536048,377694,385872,0,1983099,146923,0.000,60524557,19743179,40247200,461879,84185,3702,575,89,27,48,26,0,1,18,6
151461,bad,8,3,3,3,1,3,0,55,0,0,COLLAPSE,NONE,0,0,0,116,0,2,5,20,0.000,7587,9457,0,116,0,0,55,0,0,7,0,0,4,3,0
151461,pure-speed,8,4,3,3,4,3,84,1106,1106,6,ASCENSION,PRAGMATIC,486,17,125248,137629,121220,4,260225,45004,0.000,14057415,8378820,5555217,200464,62835,1339,288,107,5,88,21,0,1,15,6
151461,pure-health,3,8,3,4,4,3,1,57,0,0,COLLAPSE,PASSIVE,1,0,0,34,239,7,33,65,0.014,26618,28488,0,219,185,2,57,0,0,13,1,0,4,7,0
151461,pure-hunting,3,4,8,3,4,3,9,102,0,0,CONQUEST,AMBITIOUS,20,2,0,16,972,221,0,395,0.015,239834,241219,484,1151,1135,56,111,0,5,88,3,0,2,7,0
151461,pure-elements,3,4,3,8,4,3,1,57,0,0,COLLAPSE,PRAGMATIC,0,0,0,155,4,6,25,53,0.012,24099,25969,0,180,25,2,57,0,0,12,1,0,4,7,0
151461,pure-farming,3,4,3,4,8,3,101,2778,2778,6,ASCENSION,PASSIVE,576,41,471351,373289,374215,6,2126701,126193,0.000,75675750,27924828,47281441,448604,75315,3463,740,227,17,804,26,0,2,17,6
151461,pure-gathering,3,4,3,3,4,8,0,55,0,0,COLLAPSE,NONE,0,0,0,206,0,4,14,36,0.000,16381,18251,0,206,0,0,55,0,0,5,0,0,4,7,0
151461,farm+gathering,3,4,3,3,6,6,121,3257,3257,6,ASCENSION,AMBITIOUS,694,7,517961,508234,513107,0,1421312,250699,0.000,68538247,21623790,46398365,606809,98575,4061,859,23,11,268,31,1,0,19,6
151461,solo-speed,8,4,4,4,4,4,109,2311,2311,6,ASCENSION,AMBITIOUS,676,21,403240,436244,385823,1,1206608,151862,0.000,47739116,17766009,29571736,524054,87810,3051,795,207,16,91,28,0,1,20,6
151461,solo-health,4,8,4,4,4,4,6,93,0,0,CONQUEST,ZEALOT,25,1,0,21,1143,36,254,271,0.019,136642,138512,0,911,890,49,104,6,6,63,2,0,3,10,0
151461,solo-hunting,4,4,8,4,4,4,105,2837,2837,6,ASCENSION,PRAGMATIC,586,17,450796,399635,415851,5,80428,176728,0.000,55095593,24690517,29956148,480265,80630,3408,626,36,43,461,27,0,1,20,6
151461,solo-elements,4,4,4,8,4,4,1,60,0,0,COLLAPSE,PRAGMATIC,0,0,0,244,0,7,116,60,0.005,27710,29580,0,319,75,5,60,0,0,17,1,0,4,10,0
151461,solo-farming,4,4,4,4,8,4,118,2270,2270,6,ASCENSION,PASSIVE,538,49,352647,330416,353114,1,106433,164663,0.000,71522337,26284013,44887545,404056,73640,3078,863,783,9,637,30,0,2,21,6
151461,solo-gathering,4,4,4,4,4,8,1,55,0,0,COLLAPSE,AMBITIOUS,1,0,0,269,358,6,70,53,0.012,24808,26678,0,399,130,2,57,0,0,14,1,0,4,10,0
151461,duo-speed+health,8,8,3,3,3,3,117,2255,2255,6,ASCENSION,ZEALOT,432,59,273741,348874,352650,2,114119,119121,0.000,28304679,19165220,8867587,413219,64345,2930,730,672,35,624,30,0,2,21,6
151461,duo-speed+hunting,8,3,8,3,3,3,108,2086,2085,6,ASCENSION,ZEALOT,622,28,261000,374196,372834,9,833438,174808,0.000,32911485,15092382,17559972,457516,83320,2615,585,90,21,297,27,0,1,20,6
151461,duo-speed+elements,8,3,3,8,3,3,7,93,0,0,COLLAPSE,AMBITIOUS,43,3,0,429,498,28,0,315,0.020,176782,178652,0,2034,1605,43,98,7,10,110,2,0,2,10,0
151461,duo-speed+farming,8,3,3,3,8,3,121,1783,1783,6,ASCENSION,AMBITIOUS,375,51,357178,377888,360925,0,918862,139482,0.000,65128151,18571024,46201818,426128,48240,2335,607,905,36,645,31,0,2,22,6
151461,duo-speed+gathering,8,3,3,3,3,8,0,55,0,0,COLLAPSE,NONE,0,0,0,414,483,7,4,36,0.000,17145,19015,0,414,0,0,55,0,0,13,0,0,4,10,0
151461,duo-health+hunting,3,8,8,3,3,3,10,125,0,0,CONQUEST,PRAGMATIC,11,0,0,277,1654,52,0,403,0.055,223247,225061,55,1897,1620,80,135,4,2,65,3,0,2,11,0
151461,duo-health+elements,3,8,3,8,3,3,1,55,0,0,COLLAPSE,AMBITIOUS,0,0,0,113,0,5,34,41,0.013,14912,16782,0,163,50,0,55,0,0,5,1,0,4,10,0
151461,duo-health+farming,3,8,3,3,8,3,86,2843,2843,6,ASCENSION,PASSIVE,603,12,447623,250804,252680,11,1939456,104079,0.000,60937323,21507267,38984303,327099,76295,3300,512,27,7,667,22,0,1,18,6
151461,duo-health+gathering,3,8,3,3,3,8,0,55,0,0,COLLAPSE,NONE,0,0,0,218,0,4,28,33,0.000,12267,14137,0,218,0,0,55,0,0,4,0,0,4,10,0
151461,duo-hunting+elements,3,3,8,8,3,3,96,2844,2844,6,ASCENSION,ZEALOT,602,10,362281,333746,330843,1,1444766,95026,0.000,35121812,17529941,17231459,416021,82275,3203,414,32,6,149,24,0,1,19,6
151461,duo-hunting+farming,3,3,8,3,8,3,106,2931,2931,6,ASCENSION,AMBITIOUS,677,2,497038,363288,344699,0,1403320,172188,0.000,71922274,19667077,51760028,452938,89650,3599,723,0,6,517,27,1,0,20,6
151461,duo-hunting+gathering,3,3,8,3,3,8,0,55,0,0,COLLAPSE,NONE,0,0,0,242,0,4,16,37,0.000,17515,19385,0,242,0,0,55,0,0,5,0,0,4,10,0
151461,duo-elements+farming,3,3,3,8,8,3,106,3479,3479,6,ASCENSION,AMBITIOUS,676,1,649463,503985,434063,2,1890481,151378,0.000,79294773,21006331,57640848,597420,93435,3881,457,4,5,72,27,0,0,20,6
151461,duo-elements+gathering,3,3,3,8,3,8,0,55,0,0,COLLAPSE,NONE,0,0,0,98,0,3,10,29,0.000,12262,14132,0,98,0,0,55,0,0,4,0,0,4,10,0
151461,duo-farming+gathering,3,3,3,3,8,8,109,2731,2730,6,ASCENSION,PASSIVE,639,20,457863,524755,513665,2,1664463,181420,0.000,67664198,20544853,46663352,621150,96395,3446,771,194,17,289,28,2,1,20,6
159380,naive-even,5,5,5,5,4,4,1,56,0,0,COLLAPSE,AMBITIOUS,1,0,0,28,662,7,72,55,0.004,23948,25818,0,113,85,4,59,0,0,10,1,0,4,10,0
159380,farmer,3,4,3,4,8,3,110,2813,2813,6,ASCENSION,AMBITIOUS,538,31,462027,366845,387109,0,31594,164717,0.000,75312349,33255992,41596199,444780,77935,3550,792,12,19,1253,28,0,2,18,6
159380,farm+elements,3,4,3,6,6,3,131,3856,3855,6,ASCENSION,PRAGMATIC,423,107,435685,458296,469185,0,5454099,186836,0.000,69270954,32046035,36791104,517361,59065,5197,1397,1266,52,1266,33,0,3,20,6
159380,hardy,3,8,3,5,4,3,1,59,0,0,COLLAPSE,PRAGMATIC,0,0,0,0,405,5,24,48,0.035,17951,19821,0,0,0,5,60,0,0,11,1,0,4,8,0
159380,swift,8,4,3,3,5,3,16,84,0,0,COLLAPSE,AMBITIOUS,2,0,0,4,2434,52,356,625,0.550,165795,156515,11150,874,870,39,94,0,0,365,4,0,3,9,0
159380,hunter,5,4,8,3,3,3,0,55,0,0,COLLAPSE,NONE,0,0,0,0,363,3,25,33,0.000,14653,16523,0,0,0,0,55,0,0,3,0,0,4,8,0
159380,warlike,4,3,7,3,6,3,157,2776,2776,6,ASCENSION,ZEALOT,360,118,360464,535189,583244,3,348136,125905,0.000,95321958,40216908,54746455,571734,36545,4405,1684,16641,52,2024,40,0,3,23,6
159380,scholar-ish,7,5,3,3,5,3,4,63,0,0,COLLAPSE,PASSIVE,0,0,0,0,1311,11,276,177,0.006,58295,60147,17,0,0,12,67,0,0,75,1,0,3,8,0
159380,weathered,3,4,3,8,5,3,2,63,0,0,COLLAPSE,PASSIVE,0,1,0,0,597,6,34,100,0.002,48577,50447,0,0,0,10,65,0,2,56,1,0,4,8,0
159380,bad,8,3,3,3,1,3,0,55,0,0,COLLAPSE,NONE,0,0,0,0,139,1,5,16,0.000,5553,7423,0,0,0,0,55,0,0,0,0,0,4,3,0
159380,pure-speed,8,4,3,3,4,3,1,55,0,0,COLLAPSE,ZEALOT,1,0,0,79,464,8,31,65,0.056,28551,30421,0,249,170,3,58,0,1,24,1,0,4,7,0
159380,pure-health,3,8,3,4,4,3,1,55,0,0,COLLAPSE,PRAGMATIC,0,0,0,27,352,5,13,39,0.004,14714,16584,0,57,30,1,56,0,0,4,1,0,4,7,0
159380,pure-hunting,3,4,8,3,4,3,0,56,0,0,COLLAPSE,NONE,0,0,0,0,349,3,4,36,0.000,16583,18453,0,0,0,1,56,0,0,4,0,0,4,7,0
159380,pure-elements,3,4,3,8,4,3,1,56,0,0,COLLAPSE,ZEALOT,0,0,0,0,330,3,13,39,0.009,16981,18851,0,0,0,1,56,0,0,3,1,0,4,7,0
159380,pure-farming,3,4,3,4,8,3,110,2813,2813,6,ASCENSION,AMBITIOUS,538,31,462027,366845,387109,0,31594,164717,0.000,75312349,33255992,41596199,444780,77935,3550,792,12,19,1253,28,0,2,18,6
159380,pure-gathering,3,4,3,3,4,8,0,55,0,0,COLLAPSE,NONE,0,0,0,0,439,2,9,31,0.000,13461,15331,0,0,0,0,55,0,0,3,0,0,4,7,0
159380,farm+gathering,3,4,3,3,6,6,97,2546,2546,6,ASCENSION,PRAGMATIC,532,42,288892,279373,229840,5,825620,112808,0.000,34313623,19382070,14644531,347398,68025,3249,758,102,22,914,25,2,2,16,6
159380,solo-speed,8,4,4,4,4,4,6,80,0,0,COLLAPSE,AMBITIOUS,26,1,0,333,1022,57,276,269,0.016,152330,154127,73,1533,1200,35,90,0,2,134,2,0,3,10,0
159380,solo-health,4,8,4,4,4,4,1,58,0,0,COLLAPSE,ZEALOT,0,0,0,0,499,6,15,55,0.016,21778,23648,0,0,0,4,59,0,0,10,1,0,4,10,0
159380,solo-hunting,4,4,8,4,4,4,1,56,0,0,COLLAPSE,PASSIVE,0,0,0,0,378,6,91,53,0.019,25161,27031,0,0,0,2,57,0,0,9,1,0,4,10,0
159380,solo-elements,4,4,4,8,4,4,1,58,0,0,COLLAPSE,PRAGMATIC,0,0,0,0,378,4,58,56,0.084,24192,26062,0,0,0,4,59,0,0,12,1,0,4,10,0
159380,solo-farming,4,4,4,4,8,4,101,3188,3188,6,ASCENSION,AMBITIOUS,581,41,456123,310036,291607,10,42538,147414,0.000,64812059,26438024,37919782,382241,72205,3843,710,25,22,812,26,0,2,20,6
159380,solo-gathering,4,4,4,4,4,8,0,55,0,0,COLLAPSE,NONE,0,0,0,0,496,4,2,37,0.000,16879,18749,0,0,0,0,55,0,0,4,0,0,4,10,0
159380,duo-speed+health,8,8,3,3,3,3,0,55,0,0,COLLAPSE,NONE,0,0,0,185,482,7,28,37,0.000,13627,15497,0,185,0,1,56,0,0,4,0,0,4,10,0
159380,duo-speed+hunting,8,3,8,3,3,3,0,55,0,0,COLLAPSE,NONE,0,0,0,162,403,7,13,37,0.000,16975,18845,0,162,0,0,55,0,0,4,0,0,4,10,0
159380,duo-speed+elements,8,3,3,8,3,3,0,55,0,0,COLLAPSE,NONE,0,0,0,90,408,5,14,37,0.000,16035,17905,0,90,0,0,55,0,0,4,0,0,4,10,0
159380,duo-speed+farming,8,3,3,3,8,3,122,3321,3321,6,ASCENSION,PASSIVE,566,42,603582,485179,511582,1,2271615,157965,0.000,87043015,25413486,61027816,563834,78655,4240,974,1107,24,1154,31,1,2,22,6
159380,duo-speed+gathering,8,3,3,3,3,8,0,55,0,0,COLLAPSE,NONE,0,0,0,133,585,4,6,32,0.000,14077,15947,0,133,0,0,55,0,0,4,0,0,4,10,0
159380,duo-health+hunting,3,8,8,3,3,3,0,55,0,0,COLLAPSE,NONE,0,0,0,0,303,4,21,34,0.000,12209,14079,0,0,0,0,55,0,0,4,0,0,4,10,0
159380,duo-health+elements,3,8,3,8,3,3,0,55,0,0,COLLAPSE,NONE,0,0,0,0,242,3,16,30,0.000,10158,12028,0,0,0,0,55,0,0,3,0,0,4,10,0
159380,duo-health+farming,3,8,3,3,8,3,107,3336,3336,6,ASCENSION,ZEALOT,471,84,551471,277743,270079,7,52719,88928,0.000,60479646,24211895,35718149,342988,65245,4152,871,562,27,1045,27,0,3,20,6
159380,duo-health+gathering,3,8,3,3,3,8,0,55,0,0,COLLAPSE,NONE,0,0,0,0,366,2,12,27,0.000,9033,10903,0,0,0,0,55,0,0,0,0,0,4,10,0
159380,duo-hunting+elements,3,3,8,8,3,3,0,55,0,0,COLLAPSE,NONE,0,0,0,0,229,2,9,30,0.000,12597,14467,0,0,0,0,55,0,0,3,0,0,4,10,0
159380,duo-hunting+farming,3,3,8,3,8,3,99,2626,2626,6,ASCENSION,AMBITIOUS,506,71,458412,442096,302793,8,1328720,107899,0.000,73765134,29956945,43351647,511981,69885,3243,672,449,14,1408,25,0,3,19,6
159380,duo-hunting+gathering,3,3,8,3,3,8,0,55,0,0,COLLAPSE,NONE,0,0,0,0,333,2,6,25,0.000,10912,12782,0,0,0,0,55,0,0,0,0,0,4,10,0
159380,duo-elements+farming,3,3,3,8,8,3,96,2808,2808,6,ASCENSION,PRAGMATIC,530,30,520774,328526,317711,10,23378,90597,0.000,70149482,27201486,42429091,408971,80445,3185,432,17,8,759,24,0,2,19,6
159380,duo-elements+gathering,3,3,3,8,3,8,0,55,0,0,COLLAPSE,NONE,0,0,0,0,251,1,5,21,0.000,7891,9761,0,0,0,0,55,0,0,0,0,0,4,10,0
159380,duo-farming+gathering,3,3,3,3,8,8,112,2609,2609,6,ASCENSION,PRAGMATIC,465,76,272081,322599,350463,3,4326314,161412,0.000,43712022,22417314,21024496,391349,68750,3763,1209,836,22,1501,28,0,3,21,6
167299,naive-even,5,5,5,5,4,4,1,59,0,0,COLLAPSE,PRAGMATIC,1,0,0,218,452,9,60,58,0.024,26028,27898,0,398,180,6,61,0,2,15,1,0,4,10,0
167299,farmer,3,4,3,4,8,3,103,3266,3265,6,ASCENSION,ZEALOT,292,29,577683,315060,397662,0,12130,63633,0.000,83185865,32466833,50143218,346255,31195,4107,897,0,9,797,26,0,2,17,6
167299,farm+elements,3,4,3,6,6,3,80,2310,2310,6,ASCENSION,PRAGMATIC,321,7,345064,168473,240587,2,579908,52141,0.000,46221011,21620315,24257501,214008,45535,2711,456,0,8,1221,20,0,2,15,6
167299,hardy,3,8,3,5,4,3,1,58,0,0,COLLAPSE,AMBITIOUS,0,0,0,122,302,5,61,49,0.019,19382,21252,0,237,115,3,58,0,0,4,1,0,4,8,0
167299,swift,8,4,3,3,5,3,6,88,0,0,CONQUEST,PASSIVE,30,1,0,715,1693,33,359,272,0.015,168761,167821,2810,2050,1335,39,94,0,8,75,2,0,2,8,0
167299,hunter,5,4,8,3,3,3,0,55,0,0,COLLAPSE,NONE,0,0,0,197,250,4,34,33,0.000,14568,16438,0,197,0,0,55,0,0,0,0,0,4,8,0
167299,warlike,4,3,7,3,6,3,100,4244,4244,6,ASCENSION,ZEALOT,309,29,578468,289779,490660,0,1491595,58179,0.000,81616963,36839521,44200843,331389,41610,5215,1026,267,6,916,25,0,2,18,6
167299,scholar-ish,7,5,3,3,5,3,6,67,0,0,COLLAPSE,PASSIVE,9,0,0,9,1012,19,0,256,0.003,64123,65820,172,479,470,14,69,0,2,105,2,0,3,8,0
167299,weathered,3,4,3,8,5,3,2,69,0,0,COLLAPSE,PRAGMATIC,5,0,0,0,538,24,45,100,0.015,49368,51238,0,310,310,15,70,0,0,16,1,0,3,8,0
167299,bad,8,3,3,3,1,3,0,55,0,0,COLLAPSE,NONE,0,0,0,71,116,1,7,17,0.000,5716,7586,0,71,0,0,55,0,0,0,0,0,4,3,0
167299,pure-speed,8,4,3,3,4,3,1,58,0,0,COLLAPSE,PRAGMATIC,1,0,0,217,357,8,142,62,0.022,30003,31873,0,382,165,4,59,0,1,16,1,0,4,7,0
167299,pure-health,3,8,3,4,4,3,1,58,0,0,COLLAPSE,PRAGMATIC,0,0,0,167,293,5,40,40,0.011,15160,17030,0,217,50,3,58,0,0,0,1,0,4,7,0
167299,pure-hunting,3,4,8,3,4,3,0,56,0,0,COLLAPSE,NONE,0,0,0,173,244,3,33,37,0.000,16610,18480,0,173,0,2,57,0,0,0,0,0,4,7,0
167299,pure-elements,3,4,3,8,4,3,1,56,0,0,COLLAPSE,PASSIVE,0,0,0,107,239,3,20,40,0.011,17094,18964,0,162,55,2,57,0,0,0,1,0,4,7,0
167299,pure-farming,3,4,3,4,8,3,103,3266,3265,6,ASCENSION,ZEALOT,292,29,577683,315060,397662,0,12130,63633,0.000,83185865,32466833,50143218,346255,31195,4107,897,0,9,797,26,0,2,17,6
167299,pure-gathering,3,4,3,3,4,8,0,57,0,0,COLLAPSE,NONE,0,0,0,217,356,3,12,34,0.000,14154,16024,0,217,0,2,57,0,0,0,0,0,4,7,0
167299,farm+gathering,3,4,3,3,6,6,85,2381,2381,6,ASCENSION,AMBITIOUS,301,4,362811,264575,289344,11,18834,32567,0.000,49876372,22443779,27071651,299780,35205,2806,480,0,2,1406,22,0,2,15,6
167299,solo-speed,8,4,4,4,4,4,83,2215,2215,6,ASCENSION,PRAGMATIC,298,19,253263,212921,361980,0,269917,27040,0.000,31867906,17242557,14373954,240096,27175,2582,422,15,10,1263,21,0,2,18,6
167299,solo-health,4,8,4,4,4,4,1,57,0,0,COLLAPSE,PRAGMATIC,1,0,0,216,328,6,40,55,0.016,22516,24386,0,321,105,3,58,0,0,6,1,0,4,10,0
167299,solo-hunting,4,4,8,4,4,4,1,55,0,0,COLLAPSE,AMBITIOUS,0,0,0,76,419,6,22,58,0.015,27694,29564,0,246,170,1,56,0,1,13,1,0,4,10,0
167299,solo-elements,4,4,4,8,4,4,1,55,0,0,COLLAPSE,PRAGMATIC,0,0,0,154,347,5,72,50,0.023,22313,24183,0,269,115,0,55,0,0,3,1,0,4,10,0
167299,solo-farming,4,4,4,4,8,4,118,5523,5520,6,ASCENSION,PRAGMATIC,228,104,701049,544947,604873,4,7127701,66282,0.000,89838335,42132081,47007073,580982,36035,7616,2151,790,23,1313,30,0,3,21,6
167299,solo-gathering,4,4,4,4,4,8,1,55,0,0,COLLAPSE,AMBITIOUS,0,0,0,218,430,4,26,55,0.002,17502,19372,0,348,130,0,55,0,0,8,1,0,4,10,0
167299,duo-speed+health,8,8,3,3,3,3,0,55,0,0,COLLAPSE,NONE,0,0,0,295,322,8,64,37,0.000,14258,16128,0,295,0,0,55,0,0,0,0,0,4,10,0
167299,duo-speed+hunting,8,3,8,3,3,3,1,55,0,0,COLLAPSE,AMBITIOUS,0,0,13,303,336,7,51,38,0.000,17959,19815,0,358,55,1,56,0,0,4,1,0,4,10,0
167299,duo-speed+elements,8,3,3,8,3,3,0,55,0,0,COLLAPSE,NONE,0,0,0,259,341,5,47,37,0.000,16349,18219,0,259,0,1,56,0,0,0,0,0,4,10,0
167299,duo-speed+farming,8,3,3,3,8,3,113,3537,3537,6,ASCENSION,ZEALOT,213,60,425774,397126,391133,4,2407273,57588,0.000,88126600,34927787,52774908,428281,31155,4786,1304,913,25,2228,29,0,3,21,6
167299,duo-speed+gathering,8,3,3,3,3,8,0,55,0,0,COLLAPSE,NONE,0,0,0,372,515,4,37,33,0.000,14336,16206,0,372,0,1,56,0,0,0,0,0,4,10,0
167299,duo-health+hunting,3,8,8,3,3,3,0,56,0,0,COLLAPSE,NONE,0,0,0,177,241,4,32,34,0.000,12429,14299,0,177,0,1,56,0,0,0,0,0,4,10,0
167299,duo-health+elements,3,8,3,8,3,3,0,55,0,0,COLLAPSE,NONE,0,0,0,154,203,3,21,31,0.000,10653,12523,0,154,0,0,55,0,0,0,0,0,4,10,0
167299,duo-health+farming,3,8,3,3,8,3,82,2962,2962,6,ASCENSION,AMBITIOUS,314,59,413166,223622,259365,3,741908,47563,0.000,51955980,20105161,31439521,264912,41290,3458,551,53,21,1018,21,0,3,18,6
167299,duo-health+gathering,3,8,3,3,3,8,0,55,0,0,COLLAPSE,NONE,0,0,0,230,304,3,16,28,0.000,9435,11305,0,230,0,0,55,0,0,0,0,0,4,10,0
167299,duo-hunting+elements,3,3,8,8,3,3,0,55,0,0,COLLAPSE,NONE,0,0,0,116,185,2,12,31,0.000,13261,15131,0,116,0,0,55,0,0,0,0,0,4,10,0
167299,duo-hunting+farming,3,3,8,3,8,3,104,3368,3368,6,ASCENSION,PRAGMATIC,257,56,330043,290769,336417,7,2082834,50218,0.000,63069434,29949569,32791691,329424,38655,4343,1030,519,31,1869,26,0,3,20,6
167299,duo-hunting+gathering,3,3,8,3,3,8,0,55,0,0,COLLAPSE,NONE,0,0,0,166,283,2,8,27,0.000,11863,13733,0,166,0,0,55,0,0,0,0,0,4,10,0
167299,duo-elements+farming,3,3,3,8,8,3,92,3332,3332,6,ASCENSION,PASSIVE,276,15,478716,172084,314791,0,438711,53034,0.000,75640058,30818476,44344735,211174,39090,3827,550,0,8,976,23,0,2,19,6
167299,duo-elements+gathering,3,3,3,8,3,8,0,55,0,0,COLLAPSE,NONE,0,0,0,128,209,1,6,22,0.000,8698,10568,0,128,0,0,55,0,0,0,0,0,4,10,0
167299,duo-farming+gathering,3,3,3,3,8,8,93,3152,3152,6,ASCENSION,ZEALOT,321,69,500756,439293,500182,9,1443840,62560,0.000,77512561,31292196,45721479,484123,44830,3884,787,201,17,1149,24,0,3,19,6
175218,naive-even,5,5,5,5,4,4,2,62,0,0,COLLAPSE,PASSIVE,0,0,0,3,353,7,65,114,0.012,25728,27598,0,393,390,8,63,2,1,26,1,0,3,10,0
175218,farmer,3,4,3,4,8,3,141,3676,3676,6,ASCENSION,ZEALOT,269,15,607108,575733,602688,12,756195,125929,0.000,128871965,51022642,77244083,609468,33735,4693,1072,93,14,1800,36,0,2,21,6
175218,farm+elements,3,4,3,6,6,3,97,2921,2921,6,ASCENSION,AMBITIOUS,382,3,458245,361448,352410,8,43268,123767,0.000,73679252,33451646,39771230,409983,48535,3520,654,4,6,1503,25,0,2,16,6
175218,hardy,3,8,3,5,4,3,1,58,0,0,COLLAPSE,AMBITIOUS,0,0,0,146,276,6,40,47,0.013,18354,20224,0,216,70,4,59,0,0,0,1,0,3,8,0
175218,swift,8,4,3,3,5,3,3,70,0,0,COLLAPSE,AMBITIOUS,12,0,0,351,586,21,0,119,0.007,65782,67296,356,871,520,15,70,0,1,47,1,0,4,8,0
175218,hunter,5,4,8,3,3,3,0,55,0,0,COLLAPSE,NONE,0,0,0,184,286,4,28,33,0.000,14580,16450,0,184,0,0,55,0,0,0,0,0,4,8,0
175218,warlike,4,3,7,3,6,3,96,3084,3084,6,ASCENSION,PRAGMATIC,592,2,449790,364100,415215,1,1792399,100631,0.000,66061789,26406528,39207339,438880,74780,3763,734,73,10,351,24,0,1,17,6
175218,scholar-ish,7,5,3,3,5,3,64,64,0,0,CONQUEST,PRAGMATIC,0,5,455,2,962,17,11440,2483,0.641,178165,152059,27520,592,590,18,73,2,3,330,16,0,1,14,0
175218,weathered,3,4,3,8,5,3,2,70,0,0,COLLAPSE,PASSIVE,5,0,0,18,603,7,130,93,0.013,46536,48406,0,298,280,15,70,0,1,11,1,0,3,8,0
175218,bad,8,3,3,3,1,3,0,55,0,0,COLLAPSE,NONE,0,0,0,98,71,2,6,17,0.000,5967,7837,0,98,0,0,55,0,0,0,0,0,4,3,0
175218,pure-speed,8,4,3,3,4,3,1,56,0,0,COLLAPSE,AMBITIOUS,1,0,0,316,249,11,51,65,0.037,30149,32019,0,496,180,6,61,0,0,3,1,0,3,7,0
175218,pure-health,3,8,3,4,4,3,2,55,0,0,COLLAPSE,PRAGMATIC,0,0,0,5,253,5,76,103,0.265,15932,17802,0,195,190,0,55,0,0,12,1,0,3,7,0
175218,pure-hunting,3,4,8,3,4,3,0,55,0,0,COLLAPSE,NONE,0,0,0,115,324,4,30,35,0.000,15904,17774,0,115,0,1,56,0,0,0,0,0,4,7,0
175218,pure-elements,3,4,3,8,4,3,1,56,0,0,COLLAPSE,ZEALOT,0,0,0,74,304,4,18,41,0.019,17133,19003,0,129,55,2,57,0,0,0,1,0,4,7,0
175218,pure-farming,3,4,3,4,8,3,141,3676,3676,6,ASCENSION,ZEALOT,269,15,607108,575733,602688,12,756195,125929,0.000,128871965,51022642,77244083,609468,33735,4693,1072,93,14,1800,36,0,2,21,6
175218,pure-gathering,3,4,3,3,4,8,0,55,0,0,COLLAPSE,NONE,0,0,0,177,426,3,11,33,0.000,13783,15653,0,177,0,1,56,0,0,0,0,0,4,7,0
175218,farm+gathering,3,4,3,3,6,6,106,2435,2435,6,ASCENSION,AMBITIOUS,517,5,384674,306736,361368,2,57660,163777,0.000,54718119,22723861,31611453,374746,68010,3050,670,22,22,353,27,0,1,17,6
175218,solo-speed,8,4,4,4,4,4,5,79,0,0,COLLAPSE,AMBITIOUS,26,0,0,665,714,18,504,200,0.000,104310,106180,0,1650,985,28,83,0,0,10,2,0,2,10,0
175218,solo-health,4,8,4,4,4,4,1,56,0,0,COLLAPSE,PASSIVE,1,0,0,161,412,7,100,59,0.009,23897,25767,0,311,150,2,57,0,0,4,1,0,2,10,0
175218,solo-hunting,4,4,8,4,4,4,1,59,0,0,COLLAPSE,PRAGMATIC,0,0,0,271,257,6,45,46,0.011,21020,22890,0,331,60,4,59,0,0,0,1,0,3,10,0
175218,solo-elements,4,4,4,8,4,4,1,58,0,0,COLLAPSE,PRAGMATIC,0,0,0,165,273,5,83,49,0.019,22024,23894,0,280,115,3,58,0,0,0,1,0,3,10,0
175218,solo-farming,4,4,4,4,8,4,103,3015,3015,6,ASCENSION,PASSIVE,342,9,508942,374978,360413,3,24272,84576,0.000,80212016,32451235,47253709,427103,52125,3668,708,74,20,1272,26,0,2,20,6
175218,solo-gathering,4,4,4,4,4,8,0,56,0,0,COLLAPSE,NONE,0,0,0,323,378,5,30,37,0.000,16436,18306,0,323,0,1,56,0,0,0,0,0,4,10,0
175218,duo-speed+health,8,8,3,3,3,3,0,56,0,0,COLLAPSE,NONE,0,0,0,333,392,8,58,37,0.000,14382,16252,0,333,0,1,56,0,0,0,0,0,4,10,0
175218,duo-speed+hunting,8,3,8,3,3,3,0,55,0,0,COLLAPSE,NONE,0,0,0,343,318,8,53,37,0.000,17533,19403,0,343,0,0,55,0,0,0,0,0,4,10,0
175218,duo-speed+elements,8,3,3,8,3,3,1,56,0,0,COLLAPSE,NONE,0,0,0,269,309,6,42,38,0.000,16898,18768,0,269,0,1,56,0,0,0,0,0,4,10,0
175218,duo-speed+farming,8,3,3,3,8,3,110,2243,2242,6,ASCENSION,ZEALOT,419,3,518675,312294,343484,2,52761,111076,0.000,82719031,26160913,56041313,374719,62425,2847,660,26,6,877,28,0,1,21,6
175218,duo-speed+gathering,8,3,3,3,3,8,0,55,0,0,COLLAPSE,NONE,0,0,0,334,489,5,35,32,0.000,14408,16278,0,334,0,0,55,0,0,0,0,0,4,10,0
175218,duo-health+hunting,3,8,8,3,3,3,0,55,0,0,COLLAPSE,NONE,0,0,0,159,215,4,28,33,0.000,12211,14081,0,159,0,0,55,0,0,0,0,0,4,10,0
175218,duo-health+elements,3,8,3,8,3,3,0,55,0,0,COLLAPSE,NONE,0,0,0,145,180,3,19,32,0.000,11236,13106,0,145,0,0,55,0,0,0,0,0,4,10,0
175218,duo-health+farming,3,8,3,3,8,3,105,3752,3752,6,ASCENSION,AMBITIOUS,356,27,566099,338517,308288,6,32760,111781,0.000,74972072,32116983,42290859,385512,46995,4646,949,171,22,1069,27,0,2,20,6
175218,duo-health+gathering,3,8,3,3,3,8,0,55,0,0,COLLAPSE,NONE,0,0,0,213,268,3,15,29,0.000,9874,11744,0,213,0,0,55,0,0,0,0,0,4,10,0
175218,duo-hunting+elements,3,3,8,8,3,3,0,55,0,0,COLLAPSE,NONE,0,0,0,92,216,3,10,30,0.000,12783,14653,0,92,0,0,55,0,0,0,0,0,4,10,0
175218,duo-hunting+farming,3,3,8,3,8,3,123,2731,2731,6,ASCENSION,PRAGMATIC,451,2,444808,355215,351388,10,266210,133999,0.000,77222277,28041203,48738134,423635,68420,3435,759,33,11,394,31,0,1,22,6
175218,duo-hunting+gathering,3,3,8,3,3,8,0,55,0,0,COLLAPSE,NONE,0,0,0,137,318,2,8,26,0.000,11214,13084,0,137,0,0,55,0,0,0,0,0,4,10,0
175218,duo-elements+farming,3,3,3,8,8,3,111,1788,1788,6,ASCENSION,PASSIVE,441,9,316950,227138,269027,2,167268,34565,0.000,48132355,17620836,30196438,283233,56095,2039,306,101,4,321,28,0,1,21,6
175218,duo-elements+gathering,3,3,3,8,3,8,0,55,0,0,COLLAPSE,NONE,0,0,0,105,245,2,5,22,0.000,8413,10283,0,105,0,0,55,0,0,0,0,0,4,10,0
175218,duo-farming+gathering,3,3,3,3,8,8,130,1913,1913,6,ASCENSION,PASSIVE,408,64,290742,375282,384805,4,167382,139185,0.000,63008314,23591605,39127837,436782,61500,2682,824,1313,24,548,33,0,2,23,6
183137,naive-even,5,5,5,5,4,4,1,58,0,0,COLLAPSE,AMBITIOUS,2,0,0,196,317,8,2,65,0.014,29484,31354,0,361,165,5,60,0,0,24,1,0,4,10,0
183137,farmer,3,4,3,4,8,3,91,2056,2056,6,ASCENSION,PRAGMATIC,289,22,464589,252387,226917,2,7780,63036,0.000,63692838,26898451,36331667,293642,41255,2568,567,16,13,2421,23,0,3,16,6
183137,farm+elements,3,4,3,6,6,3,91,3432,3432,6,ASCENSION,PRAGMATIC,383,2,504519,381659,320556,2,76746,74007,0.000,79781443,36044322,43234471,433734,52075,3971,594,0,7,2183,23,1,2,16,6
183137,hardy,3,8,3,5,4,3,2,55,0,0,COLLAPSE,ZEALOT,0,1,0,245,0,6,22,113,0.011,20923,22793,0,410,165,1,56,0,4,54,1,0,4,8,0
183137,swift,8,4,3,3,5,3,3,66,0,0,COLLAPSE,ZEALOT,11,0,0,300,1009,17,0,117,0.047,61330,62491,709,790,490,15,70,0,0,35,1,0,4,8,0
183137,hunter,5,4,8,3,3,3,0,55,0,0,COLLAPSE,NONE,0,0,0,176,74,4,11,35,0.000,15661,17531,0,176,0,0,55,0,0,7,0,0,4,8,0
183137,warlike,4,3,7,3,6,3,109,4359,4359,6,ASCENSION,ZEALOT,354,66,701854,498777,372012,8,286435,86685,0.000,85324155,37763084,46861087,545677,46900,5358,1054,0,27,1241,28,0,3,18,6
183137,scholar-ish,7,5,3,3,5,3,95,3006,3005,6,ASCENSION,ZEALOT,364,12,444728,461759,444434,1,131948,56599,0.000,78381736,33757466,44181411,503154,41395,3663,713,0,6,1574,24,0,2,17,6
183137,weathered,3,4,3,8,5,3,2,63,0,0,COLLAPSE,PASSIVE,0,0,0,181,334,7,0,102,0.019,49665,51535,0,566,385,10,65,0,3,55,1,0,4,8,0
183137,bad,8,3,3,3,1,3,0,55,0,0,COLLAPSE,NONE,0,0,0,162,73,1,7,18,0.000,6742,8612,0,162,0,0,55,0,0,0,0,0,4,3,0
183137,pure-speed,8,4,3,3,4,3,1,60,0,0,COLLAPSE,ZEALOT,2,0,0,322,286,12,0,68,0.021,33307,35177,0,572,250,6,61,0,2,36,1,0,4,7,0
183137,pure-health,3,8,3,4,4,3,1,56,0,0,COLLAPSE,ZEALOT,0,0,0,368,0,5,7,47,0.024,18374,20244,0,388,20,1,56,0,0,12,1,0,4,7,0
183137,pure-hunting,3,4,8,3,4,3,0,55,0,0,COLLAPSE,NONE,0,0,0,272,0,3,18,37,0.000,16939,18809,0,272,0,1,56,0,0,8,0,0,4,7,0
183137,pure-elements,3,4,3,8,4,3,1,56,0,0,COLLAPSE,PASSIVE,0,0,0,265,0,3,14,41,0.008,18364,20234,0,265,0,1,56,0,0,11,1,0,4,7,0
183137,pure-farming,3,4,3,4,8,3,91,2056,2056,6,ASCENSION,PRAGMATIC,289,22,464589,252387,226917,2,7780,63036,0.000,63692838,26898451,36331667,293642,41255,2568,567,16,13,2421,23,0,3,16,6
183137,pure-gathering,3,4,3,3,4,8,0,55,0,0,COLLAPSE,NONE,0,0,0,356,0,3,13,33,0.000,14377,16247,0,356,0,0,55,0,0,7,0,0,4,7,0
183137,farm+gathering,3,4,3,3,6,6,112,4620,4619,6,ASCENSION,ZEALOT,335,99,481164,702484,334827,5,2458510,119217,0.000,72980478,36087011,36414172,744939,42455,5792,1228,6,33,1810,28,1,3,18,6
183137,solo-speed,8,4,4,4,4,4,99,3140,3140,6,ASCENSION,AMBITIOUS,335,65,473379,450669,347286,0,76942,77027,0.000,48039973,26375061,21193401,488939,38270,3848,763,152,28,1350,25,0,3,19,6
183137,solo-health,4,8,4,4,4,4,1,59,0,0,COLLAPSE,PRAGMATIC,1,0,0,355,49,10,3,72,0.044,29235,31105,0,530,175,6,61,0,0,28,1,0,4,10,0
183137,solo-hunting,4,4,8,4,4,4,10,101,0,0,COLLAPSE,ZEALOT,22,2,0,353,846,294,0,402,0.029,236385,238255,0,2353,2000,56,111,1,6,153,3,0,3,11,0
183137,solo-elements,4,4,4,8,4,4,1,59,0,0,COLLAPSE,PRAGMATIC,1,0,0,347,245,6,43,55,0.024,25421,27291,0,462,115,4,59,0,0,17,1,0,4,10,0
183137,solo-farming,4,4,4,4,8,4,101,3541,3541,6,ASCENSION,PRAGMATIC,304,57,383977,401874,297444,6,1233274,71503,0.000,66943666,30025711,36535847,448599,46725,4305,819,29,24,1780,26,0,3,20,6
183137,solo-gathering,4,4,4,4,4,8,1,57,0,0,COLLAPSE,AMBITIOUS,0,0,0,612,0,5,17,42,0.014,18844,20714,0,612,0,3,58,0,0,9,1,0,4,10,0
183137,duo-speed+health,8,8,3,3,3,3,1,57,0,0,COLLAPSE,PASSIVE,0,0,0,451,256,8,31,40,0.012,15499,17369,0,501,50,3,58,0,0,10,1,0,4,10,0
183137,duo-speed+hunting,8,3,8,3,3,3,1,56,0,0,COLLAPSE,ZEALOT,0,0,0,426,282,7,39,45,0.036,19370,21240,0,471,45,2,57,0,0,9,1,0,4,10,0
183137,duo-speed+elements,8,3,3,8,3,3,1,59,0,0,COLLAPSE,PRAGMATIC,0,0,0,412,265,6,27,40,0.011,18074,19944,0,467,55,5,60,0,0,10,1,0,4,10,0
183137,duo-speed+farming,8,3,3,3,8,3,98,2851,2851,6,ASCENSION,AMBITIOUS,369,19,519943,418933,319749,0,62901,75413,0.000,89788795,31088132,58182589,461838,42905,3487,691,0,11,1106,25,0,2,19,6
183137,duo-speed+gathering,8,3,3,3,3,8,0,55,0,0,COLLAPSE,NONE,0,0,0,760,281,5,22,34,0.000,15554,17424,0,760,0,0,55,0,0,7,0,0,4,10,0
183137,duo-health+hunting,3,8,8,3,3,3,0,55,0,0,COLLAPSE,NONE,0,0,0,309,0,4,7,36,0.000,13449,15319,0,309,0,1,56,0,0,6,0,0,4,10,0
183137,duo-health+elements,3,8,3,8,3,3,0,55,0,0,COLLAPSE,NONE,0,0,0,251,0,3,5,33,0.000,11354,13224,0,251,0,1,56,0,0,7,0,0,4,10,0
183137,duo-health+farming,3,8,3,3,8,3,94,4085,4085,6,ASCENSION,PASSIVE,429,106,547986,279701,237668,13,53755,95153,0.000,65996853,28157448,37293288,328986,49285,5157,1127,537,60,1605,24,0,4,19,6
183137,duo-health+gathering,3,8,3,3,3,8,0,55,0,0,COLLAPSE,NONE,0,0,0,371,0,3,16,29,0.000,10013,11883,0,371,0,0,55,0,0,5,0,0,4,10,0
183137,duo-hunting+elements,3,3,8,8,3,3,0,55,0,0,COLLAPSE,NONE,0,0,0,176,0,2,12,31,0.000,13468,15338,0,176,0,0,55,0,0,7,0,0,4,10,0
183137,duo-hunting+farming,3,3,8,3,8,3,100,3002,3002,6,ASCENSION,PRAGMATIC,386,64,350390,298095,191046,1,4317196,107286,0.000,55827135,23816228,31662386,346035,47940,3779,832,32,24,1215,25,0,3,20,6
183137,duo-hunting+gathering,3,3,8,3,3,8,0,55,0,0,COLLAPSE,NONE,0,0,0,259,0,2,8,27,0.000,11672,13542,0,259,0,0,55,0,0,3,0,0,4,10,0
183137,duo-elements+farming,3,3,3,8,8,3,97,4648,4648,6,ASCENSION,PASSIVE,376,9,763718,554439,459473,9,196181,87573,0.000,116675993,50605629,65308515,605759,51320,5197,604,0,11,1878,25,0,2,19,6
183137,duo-elements+gathering,3,3,3,8,3,8,0,55,0,0,COLLAPSE,NONE,0,0,0,192,0,1,6,23,0.000,9012,10882,0,192,0,0,55,0,0,3,0,0,4,10,0
183137,duo-farming+gathering,3,3,3,3,8,8,87,2183,2183,6,ASCENSION,AMBITIOUS,395,7,323237,331367,272376,0,39168,65216,0.000,39165416,18399803,20444245,388877,57510,2594,466,0,10,704,22,0,1,18,6
191056,naive-even,5,5,5,5,4,4,6,105,0,0,CONQUEST,AMBITIOUS,32,1,0,743,183,22,282,267,0.022,152220,154090,0,2078,1335,53,108,0,2,81,2,0,3,10,0
191056,farmer,3,4,3,4,8,3,104,3312,3312,6,ASCENSION,AMBITIOUS,382,18,541041,395501,439564,1,398752,106954,0.000,90134175,35073225,54521779,450921,55420,4151,894,441,4,1664,26,0,2,17,6
191056,farm+elements,3,4,3,6,6,3,124,4941,4941,6,ASCENSION,ZEALOT,339,44,607990,637110,655197,4,302111,117592,0.000,86329273,42849789,42873363,693050,55940,6078,1192,0,11,758,31,0,2,19,6
191056,hardy,3,8,3,5,4,3,1,57,0,0,COLLAPSE,PASSIVE,0,0,0,417,107,6,39,55,0.013,21635,23505,0,522,105,3,58,0,0,7,1,0,4,8,0
191056,swift,8,4,3,3,5,3,66,95,0,0,CONQUEST,AMBITIOUS,0,8,287,4,0,165,450,2555,0.695,308411,267358,42635,3224,3220,44,99,1,5,529,17,1,2,14,0
191056,hunter,5,4,8,3,3,3,0,55,0,0,COLLAPSE,NONE,0,0,0,268,287,6,38,37,0.000,16867,18737,0,268,0,1,56,0,0,0,0,0,4,8,0
191056,warlike,4,3,7,3,6,3,108,3307,3307,6,ASCENSION,AMBITIOUS,373,25,383162,357002,347030,0,627439,86647,0.000,57875782,26869559,30624930,413847,56845,4140,888,167,19,1060,27,0,2,18,6
191056,scholar-ish,7,5,3,3,5,3,63,67,0,0,COLLAPSE,AMBITIOUS,0,0,348,4,2,14,3050,2438,0.979,186005,147224,40302,1284,1280,19,74,0,1,557,16,0,2,14,0
191056,weathered,3,4,3,8,5,3,3,61,0,0,COLLAPSE,ZEALOT,9,0,0,393,13,9,105,118,0.014,55593,57463,0,878,485,8,63,0,0,24,1,0,3,8,0
191056,bad,8,3,3,3,1,3,0,55,0,0,COLLAPSE,NONE,0,0,0,133,46,2,8,21,0.000,8042,9912,0,133,0,0,55,0,0,0,0,0,4,3,0
191056,pure-speed,8,4,3,3,4,3,89,1973,1972,6,ASCENSION,PRAGMATIC,373,4,236985,326671,311653,8,6609,63431,0.000,31532973,18576843,12721014,377456,50785,2436,519,23,4,899,23,0,2,15,6
191056,pure-health,3,8,3,4,4,3,1,56,0,0,COLLAPSE,AMBITIOUS,0,0,0,284,188,6,36,43,0.008,16373,18243,0,324,40,2,57,0,0,4,1,0,4,7,0
191056,pure-hunting,3,4,8,3,4,3,1,55,0,0,COLLAPSE,PASSIVE,0,0,0,306,47,5,35,40,0.012,18202,20072,0,356,50,1,56,0,0,4,1,0,4,7,0
191056,pure-elements,3,4,3,8,4,3,1,56,0,0,COLLAPSE,PASSIVE,0,0,0,302,15,4,35,44,0.022,18977,20847,0,352,50,2,57,0,0,6,1,0,4,7,0
191056,pure-farming,3,4,3,4,8,3,104,3312,3312,6,ASCENSION,AMBITIOUS,382,18,541041,395501,439564,1,398752,106954,0.000,90134175,35073225,54521779,450921,55420,4151,894,441,4,1664,26,0,2,17,6
191056,pure-gathering,3,4,3,3,4,8,0,55,0,0,COLLAPSE,NONE,0,0,0,465,36,3,13,35,0.000,14485,16355,0,465,0,1,56,0,0,4,0,0,4,7,0
191056,farm+gathering,3,4,3,3,6,6,100,3862,3862,6,ASCENSION,ZEALOT,416,24,435392,387645,443807,16,129595,93367,0.000,56799709,30738744,25627443,448040,60395,4713,906,131,12,760,25,0,2,17,6
191056,solo-speed,8,4,4,4,4,4,87,1615,1614,6,ASCENSION,PASSIVE,369,1,173797,238091,260775,5,68165,61184,0.000,28741814,14267112,14302774,288306,50215,1911,352,0,2,475,22,0,1,18,6
191056,solo-health,4,8,4,4,4,4,1,58,0,0,COLLAPSE,PASSIVE,1,0,0,404,86,6,0,65,0.020,26379,28249,0,569,165,4,59,0,0,15,1,0,4,10,0
191056,solo-hunting,4,4,8,4,4,4,121,3793,3726,6,ASCENSION,PRAGMATIC,342,27,477895,639065,619065,1,4298468,80754,0.000,97299495,38363807,58459663,690585,51520,4976,1305,874,9,805,31,0,2,22,6
191056,solo-elements,4,4,4,8,4,4,1,55,0,0,COLLAPSE,AMBITIOUS,1,0,0,378,13,7,70,55,0.023,24065,25935,0,428,50,2,57,0,0,12,1,0,4,10,0
191056,solo-farming,4,4,4,4,8,4,97,2855,2855,6,ASCENSION,PASSIVE,356,3,397463,337762,365727,9,138240,76389,0.000,68684895,25543782,42745520,393147,55385,3428,628,38,3,526,25,0,1,19,6
191056,solo-gathering,4,4,4,4,4,8,1,55,0,0,COLLAPSE,PASSIVE,0,0,0,503,37,4,16,40,0.011,17727,19597,0,553,50,1,56,0,0,8,1,0,4,10,0
191056,duo-speed+health,8,8,3,3,3,3,121,6231,6231,6,ASCENSION,ZEALOT,387,39,760233,587476,639444,5,303213,101434,0.000,81790642,41875309,39156969,637126,49650,7617,1441,572,10,793,31,0,2,22,6
191056,duo-speed+hunting,8,3,8,3,3,3,101,2748,2748,6,ASCENSION,PASSIVE,393,23,235262,356001,392480,7,69027,75376,0.000,40722533,23752140,16737001,407976,51975,3423,730,111,18,903,26,0,2,20,6
191056,duo-speed+elements,8,3,3,8,3,3,7,102,0,0,COLLAPSE,PRAGMATIC,34,2,0,1396,13,169,0,318,0.021,175555,177425,0,2896,1500,51,106,0,7,42,2,0,2,10,0
191056,duo-speed+farming,8,3,3,3,8,3,102,1968,1968,6,ASCENSION,ZEALOT,362,15,380995,362820,339013,18,44423,43882,0.000,73996943,25848169,47769649,412105,49285,2513,600,2,5,1321,26,0,2,20,6
191056,duo-speed+gathering,8,3,3,3,3,8,0,55,0,0,COLLAPSE,NONE,0,0,0,631,57,6,40,34,0.000,16045,17915,0,631,0,0,55,0,0,4,0,0,4,10,0
191056,duo-health+hunting,3,8,8,3,3,3,0,55,0,0,COLLAPSE,NONE,0,0,0,303,111,5,31,37,0.000,13972,15842,0,303,0,0,55,0,0,4,0,0,4,10,0
191056,duo-health+elements,3,8,3,8,3,3,0,55,0,0,COLLAPSE,NONE,0,0,0,262,144,4,20,35,0.000,12067,13937,0,262,0,0,55,0,0,4,0,0,4,10,0
191056,duo-health+farming,3,8,3,3,8,3,92,2895,2893,6,ASCENSION,PRAGMATIC,409,16,470148,305057,335255,2,480536,89903,0.000,65684256,26404656,38811321,359792,54735,3501,663,5,8,937,23,0,2,19,6
191056,duo-health+gathering,3,8,3,3,3,8,0,55,0,0,COLLAPSE,NONE,0,0,0,393,251,3,16,30,0.000,10651,12521,0,393,0,0,55,0,0,4,0,0,4,10,0
191056,duo-hunting+elements,3,3,8,8,3,3,0,55,0,0,COLLAPSE,NONE,0,0,0,287,20,3,14,37,0.000,16152,18022,0,287,0,1,56,0,0,4,0,0,4,10,0
191056,duo-hunting+farming,3,3,8,3,8,3,111,2763,2763,6,ASCENSION,ZEALOT,343,41,528104,350226,342141,1,23212,70944,0.000,64592091,26174327,37891530,405156,54930,3557,849,408,8,607,28,0,2,21,6
191056,duo-hunting+gathering,3,3,8,3,3,8,0,55,0,0,COLLAPSE,NONE,0,0,0,404,36,3,10,32,0.000,14529,16399,0,404,0,0,55,0,0,4,0,0,4,10,0
191056,duo-elements+farming,3,3,3,8,8,3,113,4980,4980,6,ASCENSION,ZEALOT,370,30,810001,485196,529894,3,2551642,90355,0.000,101276511,39820216,60648163,539336,54140,6129,1204,706,10,861,29,0,2,21,6
191056,duo-elements+gathering,3,3,3,8,3,8,0,55,0,0,COLLAPSE,NONE,0,0,0,271,55,2,5,25,0.000,10096,11966,0,271,0,0,55,0,0,0,0,0,4,10,0
191056,duo-farming+gathering,3,3,3,3,8,8,87,1592,1592,6,ASCENSION,AMBITIOUS,366,14,255031,253114,289672,8,454436,40901,0.000,37538867,12880790,24404915,306619,53505,1971,434,84,5,566,22,0,2,18,6
198975,naive-even,5,5,5,5,4,4,1,58,0,0,COLLAPSE,PRAGMATIC,2,0,0,294,526,8,14,65,0.024,29498,31368,0,474,180,4,59,0,0,24,1,0,4,10,0
198975,farmer,3,4,3,4,8,3,79,125,0,0,CONQUEST,PRAGMATIC,0,9,586,9,1383,147,821,3075,0.000,627086,462935,165434,2979,2970,86,141,11,11,870,20,0,2,14,0
198975,farm+elements,3,4,3,6,6,3,101,3590,3590,6,ASCENSION,AMBITIOUS,421,15,550677,388231,395504,21,14750,122705,0.000,63344161,33895769,28899585,451581,63350,4244,709,16,42,1333,26,0,2,17,6
198975,hardy,3,8,3,5,4,3,1,56,0,0,COLLAPSE,AMBITIOUS,1,0,0,138,386,7,47,52,0.017,20716,22586,0,263,125,1,56,0,0,18,1,0,4,8,0
198975,swift,8,4,3,3,5,3,7,103,0,0,CONQUEST,ZEALOT,32,2,0,559,2329,31,526,279,0.015,173268,171251,3887,1914,1355,54,109,4,11,144,2,0,3,8,0
198975,hunter,5,4,8,3,3,3,0,56,0,0,COLLAPSE,NONE,0,0,0,133,386,4,17,34,0.000,15047,16917,0,133,0,1,56,0,0,9,0,0,4,8,0
198975,warlike,4,3,7,3,6,3,105,2926,2926,6,ASCENSION,PRAGMATIC,463,4,457876,390058,383908,0,171904,117534,0.000,79303298,34666256,44181035,450343,60285,3601,730,36,20,1784,27,0,2,18,6
198975,scholar-ish,7,5,3,3,5,3,101,2684,2683,6,ASCENSION,ZEALOT,358,64,368115,325858,348864,3,93017,98150,0.000,61449429,27615690,33467494,370848,44990,3343,715,258,41,1177,26,0,3,18,6
198975,weathered,3,4,3,8,5,3,2,67,0,0,COLLAPSE,AMBITIOUS,10,0,0,18,865,11,230,110,0.012,54319,56189,0,298,280,12,67,0,1,21,1,0,4,8,0
198975,bad,8,3,3,3,1,3,0,55,0,0,COLLAPSE,NONE,0,0,0,236,0,2,8,18,0.000,6658,8528,0,236,0,0,55,0,0,0,0,0,4,3,0
198975,pure-speed,8,4,3,3,4,3,115,59,0,0,CONQUEST,AMBITIOUS,2,74,772,6,861,31,825,4419,0.814,438592,354955,84734,511,505,18,73,658,36,2578,29,2,3,18,0
198975,pure-health,3,8,3,4,4,3,1,59,0,0,COLLAPSE,AMBITIOUS,0,0,0,185,353,6,27,44,0.022,16870,18740,0,245,60,4,59,0,0,11,1,0,4,7,0
198975,pure-hunting,3,4,8,3,4,3,0,55,0,0,COLLAPSE,NONE,0,0,0,459,0,4,10,37,0.000,17219,19089,0,459,0,0,55,0,0,9,0,0,4,7,0
198975,pure-elements,3,4,3,8,4,3,1,56,0,0,COLLAPSE,ZEALOT,0,0,0,473,0,4,55,44,0.022,19767,21637,0,473,0,1,56,0,0,8,1,0,4,7,0
198975,pure-farming,3,4,3,4,8,3,79,125,0,0,CONQUEST,PRAGMATIC,0,9,586,9,1383,147,821,3075,0.000,627086,462935,165434,2979,2970,86,141,11,11,870,20,0,2,14,0
198975,pure-gathering,3,4,3,3,4,8,0,55,0,0,COLLAPSE,NONE,0,0,0,385,294,3,17,33,0.000,14731,16601,0,385,0,0,55,0,0,7,0,0,4,7,0
198975,farm+gathering,3,4,3,3,6,6,80,1776,1774,6,ASCENSION,ZEALOT,500,26,263426,216851,216583,4,804169,67050,0.000,33538732,12188588,21088587,280346,63495,2100,381,74,14,370,20,0,2,15,6
198975,solo-speed,8,4,4,4,4,4,85,1811,1811,6,ASCENSION,PASSIVE,515,4,236284,238087,248880,5,2751,79653,0.000,25971119,14344229,11392475,314812,76725,2078,322,32,9,496,22,0,1,18,6
198975,solo-health,4,8,4,4,4,4,1,56,0,0,COLLAPSE,PRAGMATIC,2,0,0,255,489,7,10,59,0.009,23588,25458,0,415,160,3,58,0,1,20,1,0,4,10,0
198975,solo-hunting,4,4,8,4,4,4,1,57,0,0,COLLAPSE,PRAGMATIC,1,0,0,189,504,6,7,63,0.022,29737,31607,0,359,170,4,59,1,2,22,1,0,4,10,0
198975,solo-elements,4,4,4,8,4,4,1,56,0,0,COLLAPSE,AMBITIOUS,1,0,0,750,0,7,16,51,0.019,23177,25047,0,795,45,1,56,0,0,13,1,0,4,10,0
198975,solo-farming,4,4,4,4,8,4,104,3321,3321,6,ASCENSION,PASSIVE,485,64,478294,343718,340827,1,170271,151092,0.000,71136370,28502777,42157168,407548,63830,4221,955,582,59,1353,26,0,3,20,6
198975,solo-gathering,4,4,4,4,4,8,1,55,0,0,COLLAPSE,ZEALOT,0,0,0,952,0,5,15,39,0.005,17778,19648,0,997,45,0,55,0,0,7,1,0,4,10,0
198975,duo-speed+health,8,8,3,3,3,3,1,55,0,0,COLLAPSE,PASSIVE,0,0,0,270,582,9,5,39,0.007,15343,17213,0,330,60,1,56,0,0,13,1,0,4,10,0
198975,duo-speed+hunting,8,3,8,3,3,3,1,58,0,0,COLLAPSE,PASSIVE,0,0,0,285,505,8,6,39,0.008,18847,20717,0,325,40,3,58,0,0,15,1,0,4,10,0
198975,duo-speed+elements,8,3,3,8,3,3,14,57,0,0,COLLAPSE,PASSIVE,0,2,62,13,362,7,538,568,1.000,31126,32775,158,338,325,2,57,36,5,478,4,0,3,11,0
198975,duo-speed+farming,8,3,3,3,8,3,100,1717,1716,6,ASCENSION,PASSIVE,328,47,306946,302533,293963,11,118115,72453,0.000,59294721,20127363,38862281,338053,35520,2247,586,366,17,1392,25,0,3,20,6
198975,duo-speed+gathering,8,3,3,3,3,8,0,55,0,0,COLLAPSE,NONE,0,0,0,1100,0,5,7,33,0.000,15006,16876,0,1100,0,1,56,0,0,10,0,0,4,10,0
198975,duo-health+hunting,3,8,8,3,3,3,0,55,0,0,COLLAPSE,NONE,0,0,0,208,273,5,8,36,0.000,12763,14633,0,208,0,1,56,0,0,9,0,0,4,10,0
198975,duo-health+elements,3,8,3,8,3,3,0,55,0,0,COLLAPSE,NONE,0,0,0,372,0,4,3,35,0.000,12059,13929,0,372,0,1,56,0,0,9,0,0,4,10,0
198975,duo-health+farming,3,8,3,3,8,3,118,5271,5271,6,ASCENSION,PRAGMATIC,458,40,872560,535657,579513,0,188151,156408,0.000,119806667,47846195,71089781,600862,65205,6837,1621,723,46,967,30,0,2,21,6
198975,duo-health+gathering,3,8,3,3,3,8,0,55,0,0,COLLAPSE,NONE,0,0,0,534,0,3,20,30,0.000,10549,12419,0,534,0,0,55,0,0,8,0,0,4,10,0
198975,duo-hunting+elements,3,3,8,8,3,3,0,55,0,0,COLLAPSE,NONE,0,0,0,323,0,3,15,33,0.000,14353,16223,0,323,0,0,55,0,0,7,0,0,4,10,0
198975,duo-hunting+farming,3,3,8,3,8,3,17,143,0,0,COLLAPSE,ZEALOT,0,3,0,0,3421,174,0,696,0.242,659218,523204,137883,1570,1570,104,159,7,8,242,5,0,2,11,0
198975,duo-hunting+gathering,3,3,8,3,3,8,0,55,0,0,COLLAPSE,NONE,0,0,0,473,0,2,10,29,0.000,12584,14454,0,473,0,0,55,0,0,7,0,0,4,10,0
198975,duo-elements+farming,3,3,3,8,8,3,113,5575,5575,6,ASCENSION,ZEALOT,325,78,832399,535277,554431,2,47616,153464,0.000,112533797,47073999,64629268,577882,42605,6899,1379,675,29,1910,29,0,3,21,6
198975,duo-elements+gathering,3,3,3,8,3,8,0,55,0,0,COLLAPSE,NONE,0,0,0,357,0,2,7,24,0.000,9692,11562,0,357,0,0,55,0,0,4,0,0,4,10,0
198975,duo-farming+gathering,3,3,3,3,8,8,115,3956,3956,6,ASCENSION,ZEALOT,346,88,470389,556232,576003,11,4743059,120978,0.000,75116294,31166311,43481463,605732,49500,5275,1374,437,43,1376,29,0,3,21,6
206894,naive-even,5,5,5,5,4,4,3,58,0,0,COLLAPSE,PASSIVE,0,0,0,0,773,7,95,122,0.011,28586,30456,0,0,0,5,60,0,1,25,1,0,2,10,0
206894,farmer,3,4,3,4,8,3,130,2088,2088,6,ASCENSION,ZEALOT,457,17,385467,300735,307224,5,17876,77083,0.000,61826702,20995168,40447936,352330,51595,2676,643,226,20,319,33,0,1,20,6
206894,farm+elements,3,4,3,6,6,3,112,1983,1982,6,ASCENSION,ZEALOT,326,37,264698,307166,326393,12,329419,72471,0.000,47818758,21378428,26177501,340561,33395,2634,707,1731,31,1183,28,0,2,18,6
206894,hardy,3,8,3,5,4,3,1,58,0,0,COLLAPSE,AMBITIOUS,0,0,0,0,451,5,24,48,0.020,18887,20757,0,0,0,4,59,0,0,4,1,0,3,8,0
206894,swift,8,4,3,3,5,3,2,65,0,0,COLLAPSE,PASSIVE,0,1,0,0,1187,13,204,114,0.012,62482,63950,402,0,0,12,67,0,2,23,1,0,2,8,0
206894,hunter,5,4,8,3,3,3,0,57,0,0,COLLAPSE,NONE,0,0,0,0,385,4,4,34,0.000,14475,16345,0,0,0,2,57,0,0,4,0,0,4,8,0
206894,warlike,4,3,7,3,6,3,112,1470,1470,6,ASCENSION,ZEALOT,348,40,224574,190934,260396,1,276802,48112,0.000,37350384,14491741,22635939,229379,38445,1878,463,499,24,694,28,0,2,19,6
206894,scholar-ish,7,5,3,3,5,3,7,83,0,0,COLLAPSE,AMBITIOUS,14,0,0,8,1890,35,201,269,0.013,150615,149908,2577,438,430,37,92,0,0,60,2,0,2,8,0
206894,weathered,3,4,3,8,5,3,2,62,0,0,COLLAPSE,ZEALOT,0,0,0,0,620,19,105,113,0.034,54136,56006,0,0,0,9,64,0,0,24,1,0,2,8,0
206894,bad,8,3,3,3,1,3,0,55,0,0,COLLAPSE,NONE,0,0,0,0,60,1,5,17,0.000,5895,7765,0,0,0,0,55,0,0,0,0,0,4,3,0
206894,pure-speed,8,4,3,3,4,3,1,59,0,0,COLLAPSE,PASSIVE,0,0,0,0,461,14,45,58,0.077,28555,30425,0,0,0,4,59,0,0,6,1,0,3,7,0
206894,pure-health,3,8,3,4,4,3,1,58,0,0,COLLAPSE,AMBITIOUS,0,0,0,0,406,5,22,40,0.019,15361,17231,0,0,0,3,58,0,0,4,1,0,4,7,0
206894,pure-hunting,3,4,8,3,4,3,0,55,0,0,COLLAPSE,NONE,0,0,0,0,227,3,15,36,0.000,16114,17984,0,0,0,1,56,0,0,4,0,0,4,7,0
206894,pure-elements,3,4,3,8,4,3,1,55,0,0,COLLAPSE,ZEALOT,0,0,0,0,226,3,2,40,0.007,16988,18858,0,0,0,1,56,0,0,4,1,0,4,7,0
206894,pure-farming,3,4,3,4,8,3,130,2088,2088,6,ASCENSION,ZEALOT,457,17,385467,300735,307224,5,17876,77083,0.000,61826702,20995168,40447936,352330,51595,2676,643,226,20,319,33,0,1,20,6
206894,pure-gathering,3,4,3,3,4,8,0,55,0,0,COLLAPSE,NONE,0,0,0,0,302,3,10,32,0.000,13700,15570,0,0,0,0,55,0,0,3,0,0,4,7,0
206894,farm+gathering,3,4,3,3,6,6,125,3772,3772,6,ASCENSION,PRAGMATIC,468,59,432296,460910,565139,7,1276948,142734,0.000,71866658,33864920,37571311,524790,63880,4876,1159,521,37,418,32,0,2,19,6
206894,solo-speed,8,4,4,4,4,4,1,58,0,0,COLLAPSE,PASSIVE,0,0,0,0,717,9,18,69,0.011,33685,35555,0,0,0,6,61,0,0,11,1,0,3,10,0
206894,solo-health,4,8,4,4,4,4,1,58,0,0,COLLAPSE,AMBITIOUS,0,0,0,0,432,6,17,59,0.016,23602,25472,0,0,0,3,58,0,0,10,1,0,3,10,0
206894,solo-hunting,4,4,8,4,4,4,1,61,0,0,COLLAPSE,ZEALOT,0,0,0,0,505,7,66,55,0.036,25207,27077,0,0,0,6,61,0,0,9,1,0,3,10,0
206894,solo-elements,4,4,4,8,4,4,1,58,0,0,COLLAPSE,ZEALOT,0,0,0,0,451,6,17,51,0.012,21959,23829,0,0,0,3,58,0,0,9,1,0,3,10,0
206894,solo-farming,4,4,4,4,8,4,145,3983,3983,6,ASCENSION,ZEALOT,411,10,667029,668121,676520,6,242522,143175,0.000,103406688,35055567,67685961,717311,49190,5106,1178,1309,20,593,37,0,1,24,6
206894,solo-gathering,4,4,4,4,4,8,1,56,0,0,COLLAPSE,NONE,0,0,0,0,568,4,19,39,0.000,16850,18720,0,0,0,1,56,0,0,4,0,0,4,10,0
206894,duo-speed+health,8,8,3,3,3,3,0,55,0,0,COLLAPSE,NONE,0,0,0,0,447,7,54,37,0.000,14427,16297,0,0,0,0,55,0,0,0,0,0,4,10,0
206894,duo-speed+hunting,8,3,8,3,3,3,0,56,0,0,COLLAPSE,NONE,0,0,0,0,301,7,53,37,0.000,17880,19750,0,0,0,1,56,0,0,0,0,0,4,10,0
206894,duo-speed+elements,8,3,3,8,3,3,1,57,0,0,COLLAPSE,NONE,0,0,0,0,269,6,40,39,0.000,16852,18722,0,0,0,2,57,0,0,0,0,0,4,10,0
206894,duo-speed+farming,8,3,3,3,8,3,300,224,18,4,ENDURANCE,AMBITIOUS,41,174,3514,94886,246355,2619,102993,11649,0.000,21789570,9409861,12378064,97801,2915,640,677,2617,77,605,75,0,2,40,4
206894,duo-speed+gathering,8,3,3,3,3,8,0,56,0,0,COLLAPSE,NONE,0,0,0,0,307,4,35,33,0.000,14814,16684,0,0,0,1,56,0,0,0,0,0,4,10,0
206894,duo-health+hunting,3,8,8,3,3,3,0,55,0,0,COLLAPSE,NONE,0,0,0,0,335,4,13,34,0.000,12356,14226,0,0,0,0,55,0,0,4,0,0,4,10,0
206894,duo-health+elements,3,8,3,8,3,3,0,55,0,0,COLLAPSE,NONE,0,0,0,0,298,3,5,32,0.000,10990,12860,0,0,0,0,55,0,0,4,0,0,4,10,0
206894,duo-health+farming,3,8,3,3,8,3,175,2564,1588,6,ASCENSION,PRAGMATIC,343,18,349019,679138,657733,1,350688,125102,0.000,101845036,32735861,68762024,720418,41280,4942,3409,6836,9,578,44,0,1,27,6
206894,duo-health+gathering,3,8,3,3,3,8,0,55,0,0,COLLAPSE,NONE,0,0,0,0,452,2,0,28,0.000,9728,11598,0,0,0,0,55,0,0,4,0,0,4,10,0
206894,duo-hunting+elements,3,3,8,8,3,3,0,55,0,0,COLLAPSE,NONE,0,0,0,0,156,2,9,30,0.000,12553,14423,0,0,0,0,55,0,0,3,0,0,4,10,0
206894,duo-hunting+farming,3,3,8,3,8,3,178,3105,3105,6,ASCENSION,PASSIVE,427,22,565260,513451,531524,1,832484,143362,0.000,88853196,27916753,60373052,570651,57200,4081,1031,493,39,417,45,0,1,27,6
206894,duo-hunting+gathering,3,3,8,3,3,8,0,55,0,0,COLLAPSE,NONE,0,0,0,0,231,2,7,26,0.000,11110,12980,0,0,0,0,55,0,0,3,0,0,4,10,0
206894,duo-elements+farming,3,3,3,8,8,3,135,2489,2489,6,ASCENSION,ZEALOT,189,56,471048,320960,381443,2,421091,29311,0.000,62950352,23471283,39009890,340755,19795,2995,561,3166,24,676,34,0,2,23,6
206894,duo-elements+gathering,3,3,3,8,3,8,0,55,0,0,COLLAPSE,NONE,0,0,0,0,183,1,5,22,0.000,8676,10546,0,0,0,0,55,0,0,3,0,0,4,10,0
206894,duo-farming+gathering,3,3,3,3,8,8,128,1806,1806,6,ASCENSION,ZEALOT,416,13,314810,407663,396766,0,331974,95639,0.000,55074407,17908024,36853443,468413,60750,2419,668,793,11,416,32,0,1,22,6
